{
"type": "FeatureCollection",
"name": "sultanbeyli_mahalleler",
"crs": { "type": "name", "properties": { "name": "urn:ogc:def:crs:OGC:1.3:CRS84" } },
"features": [
{ "type": "Feature", "properties": { "element": "relation", "id": 1276011, "name": "Pendik" }, "geometry": { "type": "Polygon", "coordinates": [ [ [ 29.2154413, 40.8781452 ], [ 29.2160634, 40.8786154 ], [ 29.2164002, 40.87887 ], [ 29.2169878, 40.8792755 ], [ 29.2174729, 40.8798144 ], [ 29.2175742, 40.8800135 ], [ 29.2176916, 40.8802834 ], [ 29.2178495, 40.8806279 ], [ 29.2179029, 40.8807444 ], [ 29.2179933, 40.881158 ], [ 29.218055, 40.881505 ], [ 29.2180847, 40.881645 ], [ 29.2181194, 40.8819076 ], [ 29.2181391, 40.8822909 ], [ 29.2181537, 40.8824409 ], [ 29.2182654, 40.882816 ], [ 29.2184612, 40.8833865 ], [ 29.2185065, 40.8835341 ], [ 29.2185569, 40.883678 ], [ 29.2189055, 40.8847345 ], [ 29.2186939, 40.8850062 ], [ 29.2174585, 40.8865923 ], [ 29.2174068, 40.8866583 ], [ 29.2174402, 40.8867341 ], [ 29.2181811, 40.8865939 ], [ 29.2186509, 40.8864952 ], [ 29.2187573, 40.8866813 ], [ 29.2188666, 40.8871859 ], [ 29.2188755, 40.8877362 ], [ 29.2188087, 40.8891398 ], [ 29.2187487, 40.890044 ], [ 29.2195581, 40.8898906 ], [ 29.2204855, 40.8896995 ], [ 29.2208517, 40.8896478 ], [ 29.2232245, 40.8896182 ], [ 29.2232292, 40.8898323 ], [ 29.2232099, 40.890208 ], [ 29.22322, 40.8905539 ], [ 29.2231271, 40.8925363 ], [ 29.223129, 40.8940084 ], [ 29.2232997, 40.8948547 ], [ 29.2238123, 40.8959658 ], [ 29.2238417, 40.8960063 ], [ 29.2241637, 40.8966236 ], [ 29.2241891, 40.8966723 ], [ 29.2242195, 40.8967313 ], [ 29.2244661, 40.8972092 ], [ 29.2245486, 40.8973843 ], [ 29.2279158, 40.8951773 ], [ 29.2308011, 40.8933243 ], [ 29.2322942, 40.8923614 ], [ 29.2327813, 40.8927801 ], [ 29.2329472, 40.8929533 ], [ 29.2330426, 40.8930573 ], [ 29.2331273, 40.8931693 ], [ 29.233177, 40.8932522 ], [ 29.2332021, 40.8933296 ], [ 29.2332361, 40.8933994 ], [ 29.2332465, 40.8934335 ], [ 29.2332732, 40.8934809 ], [ 29.2332971, 40.8935218 ], [ 29.233341, 40.8935749 ], [ 29.2333933, 40.8936199 ], [ 29.23353, 40.8936765 ], [ 29.2336706, 40.8937041 ], [ 29.2336059, 40.8939825 ], [ 29.2335661, 40.8941547 ], [ 29.2335118, 40.8943197 ], [ 29.2338237, 40.8943727 ], [ 29.2343359, 40.8944678 ], [ 29.2346627, 40.8945281 ], [ 29.2348528, 40.8945686 ], [ 29.2350733, 40.8946741 ], [ 29.235319, 40.8948248 ], [ 29.235478, 40.8949412 ], [ 29.2356507, 40.8951371 ], [ 29.2357346, 40.895236 ], [ 29.2360777, 40.89552 ], [ 29.2362537, 40.8956433 ], [ 29.2364204, 40.8957557 ], [ 29.2367511, 40.8960069 ], [ 29.2370991, 40.8962469 ], [ 29.2369738, 40.8965553 ], [ 29.2369369, 40.8967038 ], [ 29.2368691, 40.8969574 ], [ 29.2368686, 40.896969 ], [ 29.2368596, 40.897332 ], [ 29.2369348, 40.8974616 ], [ 29.2369498, 40.8978222 ], [ 29.2369901, 40.8979634 ], [ 29.2370287, 40.8980551 ], [ 29.2370701, 40.8981447 ], [ 29.2372107, 40.8983325 ], [ 29.2372712, 40.898398 ], [ 29.2373637, 40.8985145 ], [ 29.2374194, 40.8985596 ], [ 29.2374643, 40.8985941 ], [ 29.237526, 40.8986296 ], [ 29.2375729, 40.898656 ], [ 29.2376346, 40.8986864 ], [ 29.2376883, 40.8987122 ], [ 29.2377446, 40.8987365 ], [ 29.2378237, 40.898768 ], [ 29.2378814, 40.8987867 ], [ 29.2379303, 40.898807 ], [ 29.2380175, 40.8988273 ], [ 29.2381047, 40.8988359 ], [ 29.23822, 40.8988394 ], [ 29.238397, 40.8988202 ], [ 29.238558, 40.8987918 ], [ 29.2389214, 40.8987436 ], [ 29.2390998, 40.8987188 ], [ 29.2392627, 40.8986889 ], [ 29.2394967, 40.8986478 ], [ 29.2397837, 40.8985809 ], [ 29.2401082, 40.8985207 ], [ 29.2402686, 40.8984914 ], [ 29.2404477, 40.8984726 ], [ 29.2407126, 40.8984563 ], [ 29.2411885, 40.8984557 ], [ 29.2416735, 40.898413 ], [ 29.242242, 40.8983407 ], [ 29.2427514, 40.8982812 ], [ 29.2428377, 40.8982851 ], [ 29.2431113, 40.8983368 ], [ 29.2433044, 40.8985315 ], [ 29.243452, 40.8986288 ], [ 29.2438801, 40.8988995 ], [ 29.2444332, 40.8992534 ], [ 29.2447345, 40.8994812 ], [ 29.2449153, 40.8996433 ], [ 29.2450925, 40.8998294 ], [ 29.2452349, 40.9000519 ], [ 29.2453812, 40.900256 ], [ 29.2455839, 40.900442 ], [ 29.2458671, 40.9005953 ], [ 29.2460585, 40.9006711 ], [ 29.2466612, 40.9008528 ], [ 29.2467231, 40.9010448 ], [ 29.2468276, 40.9025682 ], [ 29.2469149, 40.9040961 ], [ 29.2469393, 40.9043582 ], [ 29.2469004, 40.9046317 ], [ 29.2467884, 40.9048148 ], [ 29.2466096, 40.9050076 ], [ 29.2461785, 40.9053972 ], [ 29.2458236, 40.9057365 ], [ 29.2455334, 40.9060333 ], [ 29.2454761, 40.9061246 ], [ 29.2454553, 40.9062247 ], [ 29.2454573, 40.9063441 ], [ 29.2454961, 40.9066073 ], [ 29.2457738, 40.9072708 ], [ 29.2453739, 40.907394 ], [ 29.2454782, 40.9088549 ], [ 29.2455662, 40.9094068 ], [ 29.2456985, 40.9099394 ], [ 29.2458512, 40.9104504 ], [ 29.2459004, 40.9113335 ], [ 29.2458599, 40.9115987 ], [ 29.2458461, 40.911624 ], [ 29.2458074, 40.9116948 ], [ 29.2457485, 40.9117969 ], [ 29.2456581, 40.9119744 ], [ 29.2455429, 40.9121624 ], [ 29.2455038, 40.9122333 ], [ 29.2453172, 40.9125966 ], [ 29.2451364, 40.9128349 ], [ 29.2450595, 40.9129363 ], [ 29.2448726, 40.9131048 ], [ 29.244534, 40.9132921 ], [ 29.2442445, 40.9134094 ], [ 29.2440087, 40.9134889 ], [ 29.2438103, 40.9135985 ], [ 29.2435868, 40.9137367 ], [ 29.2435189, 40.9138857 ], [ 29.2435936, 40.9139936 ], [ 29.24409, 40.914271 ], [ 29.2444775, 40.9145793 ], [ 29.2449466, 40.9147437 ], [ 29.2451234, 40.9148567 ], [ 29.245137, 40.9149492 ], [ 29.245069, 40.9150828 ], [ 29.2449286, 40.9151732 ], [ 29.2444707, 40.9154681 ], [ 29.244056, 40.9158894 ], [ 29.243682, 40.9164032 ], [ 29.2434985, 40.9169016 ], [ 29.2433489, 40.917179 ], [ 29.2431993, 40.9176671 ], [ 29.2430293, 40.9179343 ], [ 29.2430225, 40.9181295 ], [ 29.2431177, 40.9182785 ], [ 29.2432605, 40.9186433 ], [ 29.2432129, 40.9189258 ], [ 29.2430837, 40.91927 ], [ 29.2429909, 40.9195255 ], [ 29.2434085, 40.9198739 ], [ 29.2439342, 40.9202549 ], [ 29.2448247, 40.9208062 ], [ 29.2459513, 40.9209926 ], [ 29.2474748, 40.9211142 ], [ 29.2478009, 40.9211668 ], [ 29.2490385, 40.9217456 ], [ 29.2495887, 40.9222921 ], [ 29.2498129, 40.9228226 ], [ 29.2505936, 40.9252856 ], [ 29.2508694, 40.9259703 ], [ 29.2529156, 40.9289999 ], [ 29.2551524, 40.9306471 ], [ 29.2551653, 40.9320913 ], [ 29.2560121, 40.9320725 ], [ 29.2565716, 40.9321587 ], [ 29.2568134, 40.9321766 ], [ 29.2576706, 40.9321385 ], [ 29.2735697, 40.9317408 ], [ 29.2739926, 40.931894 ], [ 29.274377, 40.9320501 ], [ 29.2745173, 40.9321028 ], [ 29.2746214, 40.9321375 ], [ 29.2749109, 40.9322072 ], [ 29.2770119, 40.9324632 ], [ 29.2779169, 40.9326307 ], [ 29.2781275, 40.9327282 ], [ 29.2786854, 40.9329866 ], [ 29.2790092, 40.9332313 ], [ 29.2791886, 40.9334121 ], [ 29.2793885, 40.9336674 ], [ 29.2797553, 40.934283 ], [ 29.28027, 40.9346357 ], [ 29.2817228, 40.9348322 ], [ 29.2829437, 40.9350999 ], [ 29.2834378, 40.9352536 ], [ 29.2843902, 40.9355499 ], [ 29.2858008, 40.9358217 ], [ 29.2883658, 40.9363035 ], [ 29.2929322, 40.9375345 ], [ 29.2956735, 40.9382302 ], [ 29.2959583, 40.9383382 ], [ 29.2963886, 40.9385013 ], [ 29.2968007, 40.9389486 ], [ 29.2972022, 40.9393296 ], [ 29.2975934, 40.9396152 ], [ 29.3000943, 40.9409083 ], [ 29.3012247, 40.9415218 ], [ 29.3023002, 40.942096 ], [ 29.302526, 40.9422488 ], [ 29.303162, 40.9428904 ], [ 29.3037175, 40.9435463 ], [ 29.3040722, 40.9440898 ], [ 29.3044564, 40.9444084 ], [ 29.3046738, 40.9445317 ], [ 29.3053645, 40.9448061 ], [ 29.3057602, 40.9450197 ], [ 29.3063065, 40.9456118 ], [ 29.3065685, 40.9459527 ], [ 29.3068515, 40.9463854 ], [ 29.3077219, 40.9471219 ], [ 29.3080605, 40.9474737 ], [ 29.3083493, 40.9479213 ], [ 29.3087049, 40.9485079 ], [ 29.3099644, 40.9492854 ], [ 29.3100263, 40.9507886 ], [ 29.3096973, 40.9513828 ], [ 29.3109092, 40.9541682 ], [ 29.3114388, 40.9548993 ], [ 29.3119449, 40.9555785 ], [ 29.3117751, 40.9590355 ], [ 29.3108029, 40.9600343 ], [ 29.3072943, 40.9590281 ], [ 29.3053442, 40.9586556 ], [ 29.3035236, 40.9584416 ], [ 29.3031744, 40.9586933 ], [ 29.3027668, 40.9589668 ], [ 29.3023489, 40.9605714 ], [ 29.3009153, 40.9617592 ], [ 29.3004182, 40.9623104 ], [ 29.2997342, 40.9634117 ], [ 29.2997127, 40.9637432 ], [ 29.2998547, 40.963955 ], [ 29.2998286, 40.9641386 ], [ 29.2989897, 40.9647178 ], [ 29.2985316, 40.9652009 ], [ 29.2978847, 40.9662207 ], [ 29.2964192, 40.9675376 ], [ 29.2953312, 40.9679228 ], [ 29.2935757, 40.9688849 ], [ 29.2930944, 40.9702746 ], [ 29.2905177, 40.972498 ], [ 29.2901496, 40.9740158 ], [ 29.2889887, 40.9757474 ], [ 29.2898665, 40.9756405 ], [ 29.2902062, 40.9760894 ], [ 29.290008, 40.9767307 ], [ 29.2893285, 40.97703 ], [ 29.2893851, 40.9780347 ], [ 29.2900364, 40.9784409 ], [ 29.2900364, 40.9791249 ], [ 29.2895045, 40.9797618 ], [ 29.2892152, 40.9801082 ], [ 29.2887339, 40.9834428 ], [ 29.2878844, 40.9872474 ], [ 29.2879933, 40.9879375 ], [ 29.288026, 40.9881451 ], [ 29.2879227, 40.9885631 ], [ 29.2878633, 40.9888033 ], [ 29.2877094, 40.9889925 ], [ 29.2875031, 40.989246 ], [ 29.2872459, 40.9913074 ], [ 29.2872449, 40.9913156 ], [ 29.2874263, 40.9924666 ], [ 29.2876475, 40.9939404 ], [ 29.2876822, 40.9941715 ], [ 29.287709, 40.9942954 ], [ 29.2878314, 40.9948609 ], [ 29.2877619, 40.9968283 ], [ 29.2876436, 40.9973136 ], [ 29.2871675, 40.9984515 ], [ 29.2869016, 40.9988198 ], [ 29.2867563, 40.9990223 ], [ 29.286641, 40.999145 ], [ 29.2864926, 40.9993457 ], [ 29.2863912, 40.9994759 ], [ 29.2863211, 40.9996277 ], [ 29.2862174, 41.0009144 ], [ 29.2866158, 41.0015157 ], [ 29.2868823, 41.0023819 ], [ 29.2867737, 41.0023896 ], [ 29.286913, 41.0029994 ], [ 29.2878045, 41.0059419 ], [ 29.287747, 41.0063106 ], [ 29.2886712, 41.0075226 ], [ 29.290246, 41.0078193 ], [ 29.2910594, 41.0083066 ], [ 29.291974, 41.0105917 ], [ 29.2941666, 41.0119157 ], [ 29.2933651, 41.0135714 ], [ 29.2934201, 41.0136167 ], [ 29.2943074, 41.0145703 ], [ 29.2948795, 41.015101 ], [ 29.2948815, 41.0151029 ], [ 29.2984345, 41.0158447 ], [ 29.3005875, 41.0156918 ], [ 29.3027387, 41.0154014 ], [ 29.3043117, 41.0154021 ], [ 29.3065261, 41.0157509 ], [ 29.3093219, 41.0155121 ], [ 29.3111191, 41.0160402 ], [ 29.3133439, 41.0163549 ], [ 29.3154446, 41.0170975 ], [ 29.3171728, 41.0168534 ], [ 29.3222222, 41.0166338 ], [ 29.3291557, 41.017109 ], [ 29.3358696, 41.0169638 ], [ 29.3425625, 41.0158953 ], [ 29.34492, 41.0166672 ], [ 29.3474802, 41.0203907 ], [ 29.3490474, 41.0217585 ], [ 29.352725, 41.0238231 ], [ 29.3555799, 41.0257346 ], [ 29.3585601, 41.0258291 ], [ 29.3611469, 41.0257519 ], [ 29.3643724, 41.0265401 ], [ 29.3643262, 41.0290568 ], [ 29.3609131, 41.0324736 ], [ 29.3595119, 41.0343444 ], [ 29.3592498, 41.0357691 ], [ 29.3603205, 41.0384623 ], [ 29.3617955, 41.0415897 ], [ 29.3645585, 41.0428549 ], [ 29.3654059, 41.04389 ], [ 29.363873, 41.0465308 ], [ 29.3609736, 41.0479138 ], [ 29.35929, 41.0496822 ], [ 29.3587143, 41.0515833 ], [ 29.3601615, 41.0550103 ], [ 29.3620579, 41.0574408 ], [ 29.3652716, 41.0605633 ], [ 29.3664809, 41.0594034 ], [ 29.36988, 41.0575972 ], [ 29.3760992, 41.0572311 ], [ 29.3761331, 41.0521742 ], [ 29.3782736, 41.0489577 ], [ 29.3761567, 41.0441448 ], [ 29.3753181, 41.0421077 ], [ 29.3766547, 41.0386753 ], [ 29.3759059, 41.0348941 ], [ 29.3794446, 41.0332883 ], [ 29.3818853, 41.03116 ], [ 29.3843054, 41.0289163 ], [ 29.3893302, 41.0276214 ], [ 29.3990818, 41.0245329 ], [ 29.4046835, 41.0237932 ], [ 29.409196, 41.0252436 ], [ 29.4116129, 41.0266636 ], [ 29.4137748, 41.026611 ], [ 29.4169169, 41.0251204 ], [ 29.4195638, 41.0233694 ], [ 29.4219201, 41.0228518 ], [ 29.4243155, 41.0215519 ], [ 29.427008, 41.0213429 ], [ 29.4288192, 41.0205755 ], [ 29.4300975, 41.020676 ], [ 29.430705, 41.0197718 ], [ 29.4304361, 41.0191757 ], [ 29.4287076, 41.0167134 ], [ 29.4283189, 41.0153692 ], [ 29.429323, 41.0143915 ], [ 29.4306726, 41.0140509 ], [ 29.4321765, 41.0143932 ], [ 29.4331768, 41.0144242 ], [ 29.4339496, 41.0129614 ], [ 29.4348188, 41.0117293 ], [ 29.4333397, 41.009772 ], [ 29.4335988, 41.0086965 ], [ 29.4342126, 41.00825 ], [ 29.4349551, 41.0085159 ], [ 29.4350737, 41.0091497 ], [ 29.4353864, 41.0095974 ], [ 29.4357861, 41.0100945 ], [ 29.4361768, 41.0102843 ], [ 29.4367601, 41.0103025 ], [ 29.4373015, 41.0098129 ], [ 29.437866, 41.0096336 ], [ 29.438104, 41.0092086 ], [ 29.4376721, 41.0077781 ], [ 29.4363992, 41.0059551 ], [ 29.4361295, 41.0056791 ], [ 29.4355141, 41.0053401 ], [ 29.4351125, 41.0048343 ], [ 29.4350467, 41.0046999 ], [ 29.4351422, 41.0045553 ], [ 29.4345975, 41.0036563 ], [ 29.4343662, 41.003516 ], [ 29.4344114, 41.0033962 ], [ 29.4344725, 41.0032881 ], [ 29.434441, 41.0025853 ], [ 29.4352184, 41.0020231 ], [ 29.4372267, 41.0015097 ], [ 29.4398181, 40.999774 ], [ 29.4399908, 40.9992134 ], [ 29.4408006, 40.9986328 ], [ 29.4405172, 40.9979605 ], [ 29.4405981, 40.9972882 ], [ 29.4414484, 40.9964325 ], [ 29.4425417, 40.9964325 ], [ 29.4453355, 40.9983272 ], [ 29.4459855, 40.9983346 ], [ 29.4480078, 40.9983578 ], [ 29.4495465, 40.9989995 ], [ 29.453393, 41.002422 ], [ 29.4578874, 41.0043471 ], [ 29.4627867, 41.0079221 ], [ 29.4661879, 41.009022 ], [ 29.4710467, 41.0137883 ], [ 29.4758245, 41.0163852 ], [ 29.4754601, 41.0172711 ], [ 29.4759055, 41.0180349 ], [ 29.4803594, 41.0201733 ], [ 29.4813312, 41.0204177 ], [ 29.4836391, 41.023778 ], [ 29.4838416, 41.0249082 ], [ 29.4836391, 41.0299788 ], [ 29.4894697, 41.0319947 ], [ 29.4934328, 41.0339165 ], [ 29.4940046, 41.0341938 ], [ 29.4960696, 41.0354766 ], [ 29.4974868, 41.035782 ], [ 29.4989039, 41.0354155 ], [ 29.4995922, 41.034713 ], [ 29.4995113, 41.0333997 ], [ 29.500587, 41.0324194 ], [ 29.5018537, 41.0319922 ], [ 29.5005875, 41.0281838 ], [ 29.5001023, 41.026403 ], [ 29.5004644, 41.0254464 ], [ 29.5002007, 41.0244148 ], [ 29.5002588, 41.0239897 ], [ 29.5008044, 41.022518 ], [ 29.5008123, 41.0220674 ], [ 29.5005226, 41.0217679 ], [ 29.4998681, 41.0212175 ], [ 29.4991814, 41.0200491 ], [ 29.4992673, 41.01972 ], [ 29.4994497, 41.0193962 ], [ 29.4997716, 41.0190481 ], [ 29.4995141, 41.018781 ], [ 29.4997609, 41.0180444 ], [ 29.4996757, 41.0176734 ], [ 29.4990528, 41.0170244 ], [ 29.4983554, 41.0164011 ], [ 29.4978726, 41.0157616 ], [ 29.4964456, 41.0152678 ], [ 29.49548, 41.0147011 ], [ 29.4950509, 41.0141263 ], [ 29.4948149, 41.013673 ], [ 29.4941604, 41.0130253 ], [ 29.4940317, 41.0127177 ], [ 29.4936669, 41.0123696 ], [ 29.4936208, 41.0119621 ], [ 29.4928193, 41.0099004 ], [ 29.4928408, 41.0090827 ], [ 29.4931495, 41.0081727 ], [ 29.4974386, 41.0043464 ], [ 29.4979691, 41.0042573 ], [ 29.4985914, 41.0037715 ], [ 29.4994712, 41.0037067 ], [ 29.4999325, 41.0026541 ], [ 29.5008981, 41.0017068 ], [ 29.5017457, 41.0009537 ], [ 29.5025819, 41.0004531 ], [ 29.5054562, 41.000198 ], [ 29.5062518, 40.9994234 ], [ 29.5058007, 40.9984503 ], [ 29.5053575, 40.9976425 ], [ 29.5058226, 40.9967593 ], [ 29.5064556, 40.9961196 ], [ 29.5065976, 40.995624 ], [ 29.5067024, 40.9952451 ], [ 29.5064878, 40.9950426 ], [ 29.5056295, 40.9945892 ], [ 29.5054282, 40.9944435 ], [ 29.5054793, 40.9935607 ], [ 29.5056832, 40.9927185 ], [ 29.5059782, 40.9913292 ], [ 29.5063162, 40.9894792 ], [ 29.5063269, 40.989212 ], [ 29.5059007, 40.9878684 ], [ 29.5047605, 40.9870092 ], [ 29.5032759, 40.9868894 ], [ 29.5024109, 40.9870659 ], [ 29.5015204, 40.9869849 ], [ 29.5008109, 40.9867665 ], [ 29.5001042, 40.9861507 ], [ 29.4992459, 40.9853489 ], [ 29.4990662, 40.984853 ], [ 29.4956542, 40.981508 ], [ 29.4936639, 40.9797915 ], [ 29.4898796, 40.9771603 ], [ 29.4894451, 40.9768514 ], [ 29.4875622, 40.9764962 ], [ 29.4841718, 40.9752001 ], [ 29.4841635, 40.9746363 ], [ 29.4834423, 40.9732075 ], [ 29.4812186, 40.9696018 ], [ 29.4815862, 40.9695621 ], [ 29.4821014, 40.9693629 ], [ 29.4847298, 40.9687602 ], [ 29.4849925, 40.9675397 ], [ 29.4848692, 40.9669698 ], [ 29.4847083, 40.9660058 ], [ 29.4844878, 40.9650425 ], [ 29.4840519, 40.9641604 ], [ 29.4837642, 40.9635672 ], [ 29.4831741, 40.9632756 ], [ 29.4828844, 40.9626274 ], [ 29.4824746, 40.96241 ], [ 29.4808996, 40.962198 ], [ 29.4794404, 40.9620927 ], [ 29.4790309, 40.9619014 ], [ 29.4794834, 40.9613878 ], [ 29.4797087, 40.9610557 ], [ 29.4797393, 40.9605856 ], [ 29.4790309, 40.9579604 ], [ 29.4780135, 40.9588519 ], [ 29.4772196, 40.9593461 ], [ 29.4760885, 40.9596259 ], [ 29.4756102, 40.9594596 ], [ 29.4751704, 40.9591112 ], [ 29.4749021, 40.9586736 ], [ 29.4746233, 40.9584429 ], [ 29.4736361, 40.9578391 ], [ 29.4733035, 40.9575069 ], [ 29.4725847, 40.9565751 ], [ 29.4709968, 40.9546305 ], [ 29.4708896, 40.9542254 ], [ 29.4703531, 40.9540228 ], [ 29.4699845, 40.9536654 ], [ 29.4696772, 40.9533098 ], [ 29.4697738, 40.9520538 ], [ 29.4699567, 40.9516608 ], [ 29.4666221, 40.9516416 ], [ 29.4632713, 40.950964 ], [ 29.4616127, 40.9523903 ], [ 29.4603496, 40.9531648 ], [ 29.4586914, 40.9538638 ], [ 29.4577739, 40.954286 ], [ 29.456816, 40.954383 ], [ 29.4560074, 40.9547812 ], [ 29.4554382, 40.9556544 ], [ 29.4554293, 40.9563726 ], [ 29.4552514, 40.9570985 ], [ 29.4544866, 40.9578843 ], [ 29.4544688, 40.9588313 ], [ 29.4537217, 40.9591268 ], [ 29.4535088, 40.959338 ], [ 29.4533954, 40.9596743 ], [ 29.4541097, 40.9602536 ], [ 29.4542813, 40.9606911 ], [ 29.4547329, 40.9611196 ], [ 29.4550825, 40.9625924 ], [ 29.4545666, 40.9638684 ], [ 29.4554382, 40.9658563 ], [ 29.4552684, 40.9664108 ], [ 29.4551982, 40.967028 ], [ 29.4546939, 40.9678411 ], [ 29.454689, 40.9680878 ], [ 29.4548478, 40.9685356 ], [ 29.4561942, 40.9699728 ], [ 29.4563809, 40.9707317 ], [ 29.4554075, 40.9720176 ], [ 29.4552576, 40.9728267 ], [ 29.4549551, 40.9736187 ], [ 29.4552576, 40.9752649 ], [ 29.45544, 40.9761478 ], [ 29.455322, 40.9766581 ], [ 29.454917, 40.9772024 ], [ 29.4541786, 40.9787844 ], [ 29.4535786, 40.9806318 ], [ 29.4521727, 40.9788737 ], [ 29.4463607, 40.9754561 ], [ 29.4416433, 40.9747369 ], [ 29.4310964, 40.9743068 ], [ 29.4247065, 40.9736615 ], [ 29.4182377, 40.9728727 ], [ 29.4158676, 40.971684 ], [ 29.4133865, 40.9695295 ], [ 29.4111352, 40.9666034 ], [ 29.4088405, 40.9632305 ], [ 29.4067032, 40.9600886 ], [ 29.4002646, 40.9643294 ], [ 29.3999806, 40.9645165 ], [ 29.3990597, 40.9593293 ], [ 29.399029, 40.9591567 ], [ 29.3958813, 40.9542212 ], [ 29.3944899, 40.9534453 ], [ 29.3942741, 40.953663 ], [ 29.3934735, 40.9537517 ], [ 29.3928255, 40.9536716 ], [ 29.3918929, 40.9535546 ], [ 29.3916213, 40.9534811 ], [ 29.3910926, 40.9531322 ], [ 29.3912277, 40.9540341 ], [ 29.3900811, 40.954592 ], [ 29.3899074, 40.9524948 ], [ 29.3884008, 40.9520463 ], [ 29.3845965, 40.9513496 ], [ 29.3822645, 40.948062 ], [ 29.3779815, 40.9485496 ], [ 29.3767537, 40.9484084 ], [ 29.3761846, 40.948218 ], [ 29.3744933, 40.9459457 ], [ 29.3741896, 40.9456623 ], [ 29.3732493, 40.9452886 ], [ 29.373542, 40.9446928 ], [ 29.3729054, 40.9442129 ], [ 29.3725582, 40.943053 ], [ 29.3727896, 40.9422114 ], [ 29.3710717, 40.9416391 ], [ 29.3701005, 40.9411559 ], [ 29.3674316, 40.9405588 ], [ 29.3660791, 40.9399077 ], [ 29.3647191, 40.9396835 ], [ 29.3601097, 40.9375435 ], [ 29.3589226, 40.9372556 ], [ 29.3570338, 40.9361962 ], [ 29.3556702, 40.9351111 ], [ 29.3502212, 40.9338859 ], [ 29.3466775, 40.9339557 ], [ 29.34253, 40.9331775 ], [ 29.3414823, 40.9328077 ], [ 29.3366223, 40.9310924 ], [ 29.3374603, 40.9300825 ], [ 29.3372559, 40.9290303 ], [ 29.3376096, 40.9289772 ], [ 29.3374884, 40.9280153 ], [ 29.3385797, 40.9263433 ], [ 29.3372459, 40.9238467 ], [ 29.3366699, 40.9192198 ], [ 29.3351239, 40.9160816 ], [ 29.3357831, 40.9139808 ], [ 29.3358211, 40.9138595 ], [ 29.3348207, 40.9117977 ], [ 29.3327897, 40.9105835 ], [ 29.3303949, 40.9104461 ], [ 29.3297279, 40.9095297 ], [ 29.3281012, 40.9090296 ], [ 29.3279394, 40.9089799 ], [ 29.3293263, 40.9016025 ], [ 29.326598, 40.8999699 ], [ 29.3266359, 40.8982228 ], [ 29.3270148, 40.8976786 ], [ 29.3291482, 40.8961337 ], [ 29.3291607, 40.8957675 ], [ 29.3288354, 40.8953692 ], [ 29.3286117, 40.8948211 ], [ 29.3282688, 40.8935362 ], [ 29.3283008, 40.8917083 ], [ 29.3279254, 40.8903159 ], [ 29.3270157, 40.8892883 ], [ 29.3265334, 40.8889125 ], [ 29.3258239, 40.8879415 ], [ 29.3253946, 40.8868908 ], [ 29.3247064, 40.8861673 ], [ 29.3236826, 40.8858455 ], [ 29.3224424, 40.8849239 ], [ 29.3212439, 40.8839756 ], [ 29.3209187, 40.883614 ], [ 29.3193068, 40.8819904 ], [ 29.3183888, 40.8816738 ], [ 29.3180856, 40.8814154 ], [ 29.3178801, 40.881554 ], [ 29.3177543, 40.8816372 ], [ 29.316268, 40.8803176 ], [ 29.315466, 40.8795249 ], [ 29.3145673, 40.8788226 ], [ 29.3136092, 40.8782251 ], [ 29.3123415, 40.8777764 ], [ 29.3116105, 40.8775662 ], [ 29.3110258, 40.8773783 ], [ 29.310079, 40.8773136 ], [ 29.3100322, 40.8768208 ], [ 29.3075643, 40.8768834 ], [ 29.3065501, 40.8767795 ], [ 29.3065934, 40.8765798 ], [ 29.3067814, 40.8764996 ], [ 29.3070145, 40.8760336 ], [ 29.3072724, 40.8755461 ], [ 29.3076209, 40.8754223 ], [ 29.3079933, 40.8754472 ], [ 29.3082414, 40.8756277 ], [ 29.3086193, 40.8756427 ], [ 29.3089473, 40.8755873 ], [ 29.3092486, 40.875243 ], [ 29.3092835, 40.8749404 ], [ 29.309757, 40.8747443 ], [ 29.3106054, 40.8746415 ], [ 29.3108373, 40.8747119 ], [ 29.3115982, 40.8744151 ], [ 29.3118737, 40.8744284 ], [ 29.312002, 40.8743358 ], [ 29.312087, 40.8737241 ], [ 29.3126549, 40.8727611 ], [ 29.3126717, 40.8721282 ], [ 29.3122298, 40.8714093 ], [ 29.3121589, 40.8710171 ], [ 29.3122582, 40.8706602 ], [ 29.3122097, 40.8705261 ], [ 29.3121598, 40.8699685 ], [ 29.3123279, 40.8694482 ], [ 29.3122374, 40.8690528 ], [ 29.312143, 40.8685643 ], [ 29.3122645, 40.8683907 ], [ 29.3132102, 40.8677359 ], [ 29.3134483, 40.8674323 ], [ 29.3136428, 40.8672314 ], [ 29.3141031, 40.8666483 ], [ 29.3143811, 40.8664109 ], [ 29.3145934, 40.8662363 ], [ 29.3149214, 40.8659036 ], [ 29.3149768, 40.8658062 ], [ 29.3150279, 40.8656132 ], [ 29.3150624, 40.8653656 ], [ 29.3151921, 40.8645202 ], [ 29.3151799, 40.863746 ], [ 29.3124173, 40.8624338 ], [ 29.3121245, 40.8621545 ], [ 29.3114222, 40.8623396 ], [ 29.3112674, 40.8623628 ], [ 29.3112244, 40.8620844 ], [ 29.3090397, 40.8620603 ], [ 29.3086563, 40.8620518 ], [ 29.3083513, 40.861955 ], [ 29.3070379, 40.8613103 ], [ 29.3063356, 40.8612467 ], [ 29.3060118, 40.8611361 ], [ 29.3058484, 40.8611892 ], [ 29.3057022, 40.8612507 ], [ 29.3053018, 40.8612448 ], [ 29.3049495, 40.8612397 ], [ 29.3048455, 40.8623829 ], [ 29.3044139, 40.863158 ], [ 29.3041443, 40.8633554 ], [ 29.3039952, 40.8636122 ], [ 29.3039069, 40.8638361 ], [ 29.3029119, 40.8639071 ], [ 29.3024788, 40.8638393 ], [ 29.3012619, 40.8639254 ], [ 29.301011, 40.8639945 ], [ 29.2999451, 40.8639378 ], [ 29.2997166, 40.8640781 ], [ 29.2985332, 40.8638888 ], [ 29.2981333, 40.8638248 ], [ 29.297635, 40.8632899 ], [ 29.2974093, 40.8624421 ], [ 29.297256, 40.8609034 ], [ 29.2963584, 40.8602917 ], [ 29.2962481, 40.8600303 ], [ 29.2962433, 40.8598158 ], [ 29.2962781, 40.8594863 ], [ 29.296331, 40.859239 ], [ 29.296222, 40.8592438 ], [ 29.2947361, 40.859443 ], [ 29.2945797, 40.8591068 ], [ 29.294488, 40.8589473 ], [ 29.2942058, 40.8584732 ], [ 29.2945555, 40.8578376 ], [ 29.2947277, 40.8575599 ], [ 29.2946432, 40.8575194 ], [ 29.2931994, 40.8576803 ], [ 29.2930913, 40.8574663 ], [ 29.2924872, 40.8568654 ], [ 29.292069, 40.8564203 ], [ 29.2918758, 40.8562237 ], [ 29.2911989, 40.8554998 ], [ 29.2907405, 40.8558815 ], [ 29.2901427, 40.8562632 ], [ 29.2892665, 40.8567529 ], [ 29.2886188, 40.8570385 ], [ 29.2876996, 40.8573893 ], [ 29.2879872, 40.8557318 ], [ 29.287868, 40.8549777 ], [ 29.287262, 40.854434 ], [ 29.2871557, 40.8545272 ], [ 29.2870838, 40.8546458 ], [ 29.2870101, 40.8547606 ], [ 29.2869993, 40.8548485 ], [ 29.286737, 40.8549076 ], [ 29.2863816, 40.8549877 ], [ 29.286221, 40.8544918 ], [ 29.2859574, 40.8545461 ], [ 29.2858838, 40.8543557 ], [ 29.2857442, 40.8542701 ], [ 29.2845189, 40.8542265 ], [ 29.2845722, 40.8539803 ], [ 29.2842606, 40.8539417 ], [ 29.2840833, 40.8541216 ], [ 29.2835975, 40.8542199 ], [ 29.2832967, 40.8544643 ], [ 29.282866, 40.8546733 ], [ 29.282891, 40.8546992 ], [ 29.2826443, 40.8548186 ], [ 29.2824793, 40.8547905 ], [ 29.2821007, 40.8549182 ], [ 29.2821708, 40.8550438 ], [ 29.2818634, 40.8551305 ], [ 29.2818502, 40.8551325 ], [ 29.2815244, 40.8552188 ], [ 29.2813787, 40.855128 ], [ 29.2813025, 40.855132 ], [ 29.2812582, 40.8550452 ], [ 29.2802939, 40.8552928 ], [ 29.2803227, 40.8553622 ], [ 29.2799752, 40.855444 ], [ 29.2798746, 40.8555276 ], [ 29.2797314, 40.8555648 ], [ 29.2796322, 40.8553021 ], [ 29.2790538, 40.8554306 ], [ 29.2791311, 40.8557222 ], [ 29.278928, 40.8557983 ], [ 29.2787977, 40.8558045 ], [ 29.2784543, 40.8560113 ], [ 29.2783543, 40.855992 ], [ 29.2780844, 40.8560952 ], [ 29.2778676, 40.8560522 ], [ 29.2775257, 40.8560522 ], [ 29.2775218, 40.855909 ], [ 29.2770275, 40.8557819 ], [ 29.2770213, 40.8557171 ], [ 29.2767447, 40.855646 ], [ 29.2767091, 40.8556461 ], [ 29.2762356, 40.8556476 ], [ 29.2758359, 40.8557256 ], [ 29.2755671, 40.8557332 ], [ 29.2754451, 40.8555558 ], [ 29.275019, 40.8557025 ], [ 29.2749528, 40.8556048 ], [ 29.2747227, 40.8556775 ], [ 29.2746235, 40.8557046 ], [ 29.2745491, 40.8557188 ], [ 29.2744603, 40.8557445 ], [ 29.2743748, 40.8557798 ], [ 29.2742366, 40.8559093 ], [ 29.2741974, 40.8559426 ], [ 29.2741121, 40.8559501 ], [ 29.2739625, 40.8560669 ], [ 29.2739853, 40.856213 ], [ 29.2738799, 40.8563048 ], [ 29.2738098, 40.8563537 ], [ 29.2736712, 40.85633 ], [ 29.2736224, 40.8563742 ], [ 29.2733647, 40.8566458 ], [ 29.2732534, 40.8567338 ], [ 29.2730572, 40.8568673 ], [ 29.2728822, 40.8569813 ], [ 29.2727213, 40.8570845 ], [ 29.2724986, 40.8572054 ], [ 29.2723957, 40.8572538 ], [ 29.2722694, 40.857311 ], [ 29.2721895, 40.8572771 ], [ 29.2720439, 40.857393 ], [ 29.2719347, 40.857547 ], [ 29.2719079, 40.8575354 ], [ 29.2717328, 40.8578036 ], [ 29.2716534, 40.8577996 ], [ 29.2714747, 40.8568978 ], [ 29.2701888, 40.857017 ], [ 29.2702148, 40.8567505 ], [ 29.2701614, 40.8567454 ], [ 29.2701558, 40.8567963 ], [ 29.2699512, 40.8567813 ], [ 29.2699551, 40.8567408 ], [ 29.2698993, 40.8567363 ], [ 29.2700032, 40.8558036 ], [ 29.2699079, 40.8557948 ], [ 29.2697887, 40.8567251 ], [ 29.2694075, 40.8566979 ], [ 29.2694002, 40.8567396 ], [ 29.2691252, 40.8567398 ], [ 29.2690838, 40.8567224 ], [ 29.269083, 40.8561756 ], [ 29.2690887, 40.8560931 ], [ 29.2686978, 40.8560536 ], [ 29.2690326, 40.8540738 ], [ 29.268718, 40.8540497 ], [ 29.268432, 40.8558381 ], [ 29.2677339, 40.8558442 ], [ 29.2676038, 40.8540033 ], [ 29.2675333, 40.8540072 ], [ 29.2675004, 40.8539992 ], [ 29.2674547, 40.8539657 ], [ 29.2674296, 40.8539506 ], [ 29.267389, 40.8539272 ], [ 29.2673476, 40.8539191 ], [ 29.2672779, 40.8539115 ], [ 29.2672034, 40.8539174 ], [ 29.2671264, 40.8539397 ], [ 29.2670693, 40.8539863 ], [ 29.267015, 40.8540236 ], [ 29.2669537, 40.8540822 ], [ 29.2668784, 40.854146 ], [ 29.266808, 40.8542291 ], [ 29.2663682, 40.8542104 ], [ 29.2660525, 40.854199 ], [ 29.265994, 40.8540915 ], [ 29.2659145, 40.8540166 ], [ 29.2657374, 40.8539017 ], [ 29.2656109, 40.8538503 ], [ 29.2654662, 40.8538282 ], [ 29.2652768, 40.8538339 ], [ 29.2651419, 40.8538575 ], [ 29.2650272, 40.8539073 ], [ 29.2640181, 40.8545321 ], [ 29.2639106, 40.8545886 ], [ 29.2638168, 40.8546026 ], [ 29.2633043, 40.8546043 ], [ 29.2630357, 40.8546183 ], [ 29.2628415, 40.8546542 ], [ 29.2626148, 40.8547208 ], [ 29.2613731, 40.8548483 ], [ 29.2604118, 40.8550431 ], [ 29.2599569, 40.8552508 ], [ 29.2595277, 40.8556274 ], [ 29.2589527, 40.8559974 ], [ 29.2582785, 40.8566661 ], [ 29.258271, 40.856931 ], [ 29.257933, 40.856938 ], [ 29.256809, 40.857128 ], [ 29.2560516, 40.8571789 ], [ 29.2550903, 40.8573412 ], [ 29.2545238, 40.8575035 ], [ 29.253904, 40.857787 ], [ 29.253717, 40.8579254 ], [ 29.2534338, 40.8581656 ], [ 29.252917, 40.858576 ], [ 29.2524295, 40.8592108 ], [ 29.2528072, 40.8593276 ], [ 29.2530733, 40.8587694 ], [ 29.2534338, 40.8584448 ], [ 29.2537084, 40.8581397 ], [ 29.2543178, 40.8578605 ], [ 29.2551246, 40.8575814 ], [ 29.2561203, 40.8574386 ], [ 29.257046, 40.857299 ], [ 29.2584291, 40.8571659 ], [ 29.2592703, 40.8570556 ], [ 29.2635876, 40.8594333 ], [ 29.2642063, 40.8592685 ], [ 29.2650608, 40.8599773 ], [ 29.2622181, 40.8618027 ], [ 29.2623601, 40.8619403 ], [ 29.2619997, 40.862164 ], [ 29.2618375, 40.8620541 ], [ 29.261337, 40.8623835 ], [ 29.260686, 40.8628119 ], [ 29.2604811, 40.8629468 ], [ 29.2608187, 40.8632434 ], [ 29.2606082, 40.8633791 ], [ 29.2602431, 40.8630641 ], [ 29.2594744, 40.8635759 ], [ 29.2596979, 40.8637602 ], [ 29.2593679, 40.8640659 ], [ 29.2589721, 40.8642087 ], [ 29.2589744, 40.8639661 ], [ 29.2590236, 40.8639325 ], [ 29.2589733, 40.8638971 ], [ 29.2589008, 40.8639485 ], [ 29.2589082, 40.8645065 ], [ 29.2571573, 40.8644635 ], [ 29.2569465, 40.864454 ], [ 29.2566315, 40.8644421 ], [ 29.2556912, 40.8629006 ], [ 29.2562233, 40.8624045 ], [ 29.2566597, 40.8621375 ], [ 29.256955, 40.8619092 ], [ 29.25697, 40.8616905 ], [ 29.2567029, 40.8616117 ], [ 29.2564293, 40.8614419 ], [ 29.2561788, 40.8612092 ], [ 29.2561522, 40.8609641 ], [ 29.2565058, 40.8605601 ], [ 29.2567048, 40.860327 ], [ 29.256854, 40.860039 ], [ 29.2567895, 40.8597953 ], [ 29.2565146, 40.8594884 ], [ 29.2562882, 40.8593944 ], [ 29.2560516, 40.8594834 ], [ 29.2556482, 40.8603143 ], [ 29.255504, 40.8604964 ], [ 29.2551675, 40.860561 ], [ 29.2551284, 40.8610414 ], [ 29.2554221, 40.8614451 ], [ 29.2553017, 40.8616086 ], [ 29.2548723, 40.8616275 ], [ 29.2548673, 40.8619948 ], [ 29.2545313, 40.8625 ], [ 29.254797, 40.8627254 ], [ 29.25532, 40.8628017 ], [ 29.2554937, 40.8630277 ], [ 29.2570625, 40.8655165 ], [ 29.257163, 40.8657152 ], [ 29.2570965, 40.8657294 ], [ 29.256512, 40.8656922 ], [ 29.2562993, 40.865783 ], [ 29.2562404, 40.8658902 ], [ 29.2564475, 40.8659877 ], [ 29.2567575, 40.8659463 ], [ 29.2570894, 40.8659798 ], [ 29.257301, 40.8661264 ], [ 29.2579124, 40.8668019 ], [ 29.2585419, 40.8671392 ], [ 29.2583542, 40.8671955 ], [ 29.2576432, 40.8668214 ], [ 29.257125, 40.8662634 ], [ 29.2569548, 40.8661442 ], [ 29.2566644, 40.8661342 ], [ 29.2563952, 40.8661773 ], [ 29.2563078, 40.8662578 ], [ 29.2563692, 40.8663965 ], [ 29.2567934, 40.8663392 ], [ 29.2569935, 40.8665851 ], [ 29.2572704, 40.8669028 ], [ 29.2573966, 40.8669761 ], [ 29.2574097, 40.8670417 ], [ 29.2569485, 40.8671302 ], [ 29.2567163, 40.8672164 ], [ 29.2562906, 40.867367 ], [ 29.2558842, 40.8676115 ], [ 29.2554982, 40.8677913 ], [ 29.2544808, 40.8683182 ], [ 29.2541661, 40.8684826 ], [ 29.2538056, 40.8686868 ], [ 29.253269, 40.868966 ], [ 29.2523506, 40.8694148 ], [ 29.2518047, 40.869677 ], [ 29.2511665, 40.8699831 ], [ 29.2504995, 40.8702661 ], [ 29.2498095, 40.8705013 ], [ 29.2493664, 40.870669 ], [ 29.2488496, 40.8708296 ], [ 29.2482199, 40.8711133 ], [ 29.247602, 40.871387 ], [ 29.246935, 40.871657 ], [ 29.2465571, 40.8718222 ], [ 29.2451903, 40.8724198 ], [ 29.2445464, 40.8726767 ], [ 29.2438356, 40.8729692 ], [ 29.2432171, 40.8732114 ], [ 29.2428819, 40.8733327 ], [ 29.2422355, 40.8735855 ], [ 29.2418941, 40.8737011 ], [ 29.2415891, 40.8738346 ], [ 29.2409307, 40.874085 ], [ 29.2405229, 40.874263 ], [ 29.2401526, 40.8744013 ], [ 29.2386709, 40.8748341 ], [ 29.2371889, 40.8750705 ], [ 29.2369472, 40.8750027 ], [ 29.2365829, 40.8746484 ], [ 29.2363615, 40.8746122 ], [ 29.2361764, 40.874582 ], [ 29.2363917, 40.8738198 ], [ 29.2363313, 40.8738123 ], [ 29.2362499, 40.8737986 ], [ 29.2360381, 40.8745582 ], [ 29.2356651, 40.8744984 ], [ 29.2351912, 40.8746925 ], [ 29.2349045, 40.8745792 ], [ 29.234631, 40.8744355 ], [ 29.2343343, 40.8741723 ], [ 29.2342553, 40.8740426 ], [ 29.2346135, 40.8739226 ], [ 29.235314, 40.8736542 ], [ 29.2352997, 40.8736268 ], [ 29.2352714, 40.8735726 ], [ 29.2352241, 40.8734819 ], [ 29.235441, 40.8733855 ], [ 29.2355241, 40.8733596 ], [ 29.2352189, 40.8726567 ], [ 29.2353219, 40.8725257 ], [ 29.2353613, 40.8725491 ], [ 29.2356968, 40.8721566 ], [ 29.2356685, 40.8721338 ], [ 29.2357009, 40.8720228 ], [ 29.2352753, 40.8717993 ], [ 29.2347968, 40.8715479 ], [ 29.2343264, 40.8713008 ], [ 29.2339063, 40.8710829 ], [ 29.2336959, 40.8709697 ], [ 29.2335452, 40.8708387 ], [ 29.2336061, 40.8707458 ], [ 29.2349089, 40.8694155 ], [ 29.2351947, 40.8692589 ], [ 29.2356581, 40.8691361 ], [ 29.2363129, 40.8689626 ], [ 29.2369535, 40.8687952 ], [ 29.2377228, 40.868589 ], [ 29.2385669, 40.8683653 ], [ 29.2394203, 40.8681392 ], [ 29.2394764, 40.8681501 ], [ 29.2396447, 40.8681829 ], [ 29.2399006, 40.8680416 ], [ 29.2398534, 40.867784 ], [ 29.2395857, 40.8676982 ], [ 29.2393832, 40.8677664 ], [ 29.2392674, 40.8678363 ], [ 29.2391258, 40.8678959 ], [ 29.2381048, 40.8682018 ], [ 29.2370864, 40.8684606 ], [ 29.2350192, 40.8689647 ], [ 29.2348276, 40.8690568 ], [ 29.2344791, 40.8693478 ], [ 29.2341858, 40.8696405 ], [ 29.2336506, 40.8702272 ], [ 29.2334607, 40.8703065 ], [ 29.2327993, 40.8703026 ], [ 29.2323475, 40.8703466 ], [ 29.2319697, 40.8704149 ], [ 29.2314432, 40.8707107 ], [ 29.2308341, 40.8705921 ], [ 29.2303711, 40.8705376 ], [ 29.2297565, 40.8705252 ], [ 29.2291694, 40.870564 ], [ 29.2285059, 40.8706361 ], [ 29.2282085, 40.8707008 ], [ 29.2279633, 40.8707637 ], [ 29.2275485, 40.8709165 ], [ 29.2271253, 40.8710551 ], [ 29.2263418, 40.8714437 ], [ 29.2260194, 40.8717188 ], [ 29.2256933, 40.8720433 ], [ 29.2254546, 40.872198 ], [ 29.2253671, 40.8723548 ], [ 29.2251898, 40.8725676 ], [ 29.2250925, 40.8727767 ], [ 29.22464, 40.8732289 ], [ 29.2242275, 40.8737303 ], [ 29.2239521, 40.8741008 ], [ 29.223538, 40.8745816 ], [ 29.2232865, 40.8748569 ], [ 29.223038, 40.875072 ], [ 29.2226728, 40.8753421 ], [ 29.2224112, 40.8755295 ], [ 29.2220296, 40.8757457 ], [ 29.2217393, 40.8759345 ], [ 29.2215051, 40.876056 ], [ 29.2209314, 40.876301 ], [ 29.2202335, 40.8765279 ], [ 29.2199905, 40.8765999 ], [ 29.2188006, 40.8767395 ], [ 29.2178732, 40.8769397 ], [ 29.217023, 40.877242 ], [ 29.2163408, 40.8776196 ], [ 29.2154413, 40.8781452 ] ] ] } },
{ "type": "Feature", "properties": { "element": "relation", "id": 1276012, "name": "Sultanbeyli" }, "geometry": { "type": "Polygon", "coordinates": [ [ [ 29.2465976, 40.9512968 ], [ 29.2466067, 40.9514476 ], [ 29.2464301, 40.951948 ], [ 29.2493673, 40.9524083 ], [ 29.2491142, 40.9527265 ], [ 29.2491051, 40.9530987 ], [ 29.2493422, 40.9534449 ], [ 29.2494437, 40.953594 ], [ 29.2495023, 40.9538079 ], [ 29.2494423, 40.9539274 ], [ 29.2495796, 40.9540203 ], [ 29.2496861, 40.955272 ], [ 29.2497883, 40.9554107 ], [ 29.2497287, 40.9555594 ], [ 29.2496219, 40.9557222 ], [ 29.2495131, 40.9558365 ], [ 29.2491093, 40.9572203 ], [ 29.2491273, 40.957733 ], [ 29.2491829, 40.9579711 ], [ 29.2491251, 40.9581154 ], [ 29.2489939, 40.9581675 ], [ 29.248862, 40.9584173 ], [ 29.2486594, 40.9585661 ], [ 29.248293, 40.9587392 ], [ 29.2478711, 40.9591002 ], [ 29.2476418, 40.9598349 ], [ 29.2477321, 40.9603952 ], [ 29.2478229, 40.9607591 ], [ 29.2482803, 40.9611223 ], [ 29.2471719, 40.9617493 ], [ 29.2470479, 40.9618672 ], [ 29.2469918, 40.9620778 ], [ 29.2469873, 40.9622007 ], [ 29.2470278, 40.962334 ], [ 29.2471533, 40.9626163 ], [ 29.2471816, 40.9627378 ], [ 29.2471588, 40.9629343 ], [ 29.2468604, 40.9636225 ], [ 29.2466814, 40.9639253 ], [ 29.2459514, 40.9643625 ], [ 29.2453395, 40.9648785 ], [ 29.2453908, 40.9650113 ], [ 29.2453399, 40.9652534 ], [ 29.2451109, 40.9654827 ], [ 29.2450617, 40.9660404 ], [ 29.2449698, 40.9666194 ], [ 29.244892, 40.9669435 ], [ 29.2448453, 40.9671269 ], [ 29.2447211, 40.967708 ], [ 29.2447622, 40.9679318 ], [ 29.2448009, 40.9680216 ], [ 29.2447988, 40.9683751 ], [ 29.2449499, 40.9691547 ], [ 29.2450503, 40.9693363 ], [ 29.2451643, 40.969496 ], [ 29.2454651, 40.970021 ], [ 29.2455264, 40.9703795 ], [ 29.2457037, 40.9705253 ], [ 29.2461146, 40.9706439 ], [ 29.2462148, 40.9706918 ], [ 29.2463668, 40.9708182 ], [ 29.2465748, 40.9710261 ], [ 29.2466602, 40.9711283 ], [ 29.2466637, 40.9712061 ], [ 29.2466782, 40.9713139 ], [ 29.2467682, 40.9714343 ], [ 29.2471919, 40.9717396 ], [ 29.2477632, 40.9721423 ], [ 29.2479618, 40.9723826 ], [ 29.2481509, 40.9726115 ], [ 29.2484084, 40.9727037 ], [ 29.2486407, 40.9727216 ], [ 29.2487877, 40.9727526 ], [ 29.2489943, 40.972728 ], [ 29.2501436, 40.9738692 ], [ 29.2504167, 40.9742366 ], [ 29.2515595, 40.9757743 ], [ 29.2517433, 40.975927 ], [ 29.2519743, 40.9763681 ], [ 29.2520717, 40.9765959 ], [ 29.252024, 40.9767918 ], [ 29.251954, 40.9769566 ], [ 29.251971, 40.97706 ], [ 29.252032, 40.9771367 ], [ 29.2520212, 40.9783604 ], [ 29.2518243, 40.9785886 ], [ 29.2517889, 40.9788431 ], [ 29.2517507, 40.9793399 ], [ 29.2518076, 40.9795785 ], [ 29.2519884, 40.9798919 ], [ 29.2523145, 40.9803073 ], [ 29.252642, 40.9808415 ], [ 29.2530121, 40.9815835 ], [ 29.25335, 40.9825139 ], [ 29.2543725, 40.985268 ], [ 29.2544697, 40.9857739 ], [ 29.2544502, 40.9860572 ], [ 29.2544702, 40.9862135 ], [ 29.2544786, 40.9864312 ], [ 29.2544578, 40.9868337 ], [ 29.2544416, 40.98731 ], [ 29.2544152, 40.9877206 ], [ 29.2544406, 40.9878769 ], [ 29.2545147, 40.9880335 ], [ 29.2547019, 40.9882648 ], [ 29.2548029, 40.9884379 ], [ 29.2548392, 40.988586 ], [ 29.2548474, 40.9888243 ], [ 29.2548336, 40.989083 ], [ 29.2548043, 40.9892759 ], [ 29.2547598, 40.9893783 ], [ 29.2546068, 40.98948 ], [ 29.25447, 40.9895983 ], [ 29.2543981, 40.9897251 ], [ 29.2543963, 40.9898895 ], [ 29.2545267, 40.990334 ], [ 29.2566403, 40.9928109 ], [ 29.2568382, 40.993212 ], [ 29.2572105, 40.9935578 ], [ 29.2572886, 40.9936377 ], [ 29.2576473, 40.9943177 ], [ 29.257812, 40.9945373 ], [ 29.2578443, 40.994694 ], [ 29.2579448, 40.9952987 ], [ 29.2579287, 40.9953499 ], [ 29.2580039, 40.9956561 ], [ 29.2581346, 40.9960413 ], [ 29.2582005, 40.996374 ], [ 29.2582633, 40.996864 ], [ 29.2582534, 40.9969711 ], [ 29.2582798, 40.9970662 ], [ 29.2583417, 40.9971991 ], [ 29.2584692, 40.9974076 ], [ 29.2585461, 40.9975046 ], [ 29.2586323, 40.9975771 ], [ 29.2586898, 40.9976619 ], [ 29.2588858, 40.9978692 ], [ 29.259008, 40.9980065 ], [ 29.2591159, 40.9982448 ], [ 29.2591754, 40.9983738 ], [ 29.2592767, 40.9985529 ], [ 29.2593384, 40.9988798 ], [ 29.2594068, 40.998972 ], [ 29.2594658, 40.9992548 ], [ 29.2595035, 40.9993722 ], [ 29.2595074, 40.9995043 ], [ 29.2594859, 40.9996137 ], [ 29.259443, 40.9997857 ], [ 29.2594671, 40.9999112 ], [ 29.2595664, 41.0000954 ], [ 29.2596361, 41.0002473 ], [ 29.2596495, 41.0004801 ], [ 29.2596603, 41.0005617 ], [ 29.2596334, 41.0007108 ], [ 29.2596576, 41.00081 ], [ 29.2596602, 41.000889 ], [ 29.2598346, 41.0013667 ], [ 29.2597997, 41.0015813 ], [ 29.2597729, 41.0018242 ], [ 29.259738, 41.0019143 ], [ 29.2596088, 41.002122 ], [ 29.259569, 41.0022675 ], [ 29.2594926, 41.002477 ], [ 29.2594698, 41.0026278 ], [ 29.2595315, 41.0028221 ], [ 29.2595878, 41.0029456 ], [ 29.2597273, 41.0031925 ], [ 29.2597997, 41.0032573 ], [ 29.2599368, 41.0033337 ], [ 29.2604025, 41.0035291 ], [ 29.2607603, 41.0037164 ], [ 29.2610215, 41.0040321 ], [ 29.2612818, 41.0041305 ], [ 29.2614143, 41.0042219 ], [ 29.2616995, 41.0044365 ], [ 29.262111, 41.0047937 ], [ 29.2622935, 41.004819 ], [ 29.2624509, 41.0048762 ], [ 29.2630308, 41.0048748 ], [ 29.2657677, 41.0042989 ], [ 29.2694146, 41.0035315 ], [ 29.2710815, 41.0031807 ], [ 29.2759529, 41.0030285 ], [ 29.2808638, 41.0030038 ], [ 29.2826085, 41.0029699 ], [ 29.2833358, 41.0029557 ], [ 29.2867737, 41.0023896 ], [ 29.2868823, 41.0023819 ], [ 29.2866158, 41.0015157 ], [ 29.2862174, 41.0009144 ], [ 29.2863211, 40.9996277 ], [ 29.2863912, 40.9994759 ], [ 29.2864926, 40.9993457 ], [ 29.286641, 40.999145 ], [ 29.2867563, 40.9990223 ], [ 29.2869016, 40.9988198 ], [ 29.2871675, 40.9984515 ], [ 29.2876436, 40.9973136 ], [ 29.2877619, 40.9968283 ], [ 29.2878314, 40.9948609 ], [ 29.287709, 40.9942954 ], [ 29.2876822, 40.9941715 ], [ 29.2876475, 40.9939404 ], [ 29.2874263, 40.9924666 ], [ 29.2872449, 40.9913156 ], [ 29.2872459, 40.9913074 ], [ 29.2875031, 40.989246 ], [ 29.2877094, 40.9889925 ], [ 29.2878633, 40.9888033 ], [ 29.2879227, 40.9885631 ], [ 29.288026, 40.9881451 ], [ 29.2879933, 40.9879375 ], [ 29.2878844, 40.9872474 ], [ 29.2887339, 40.9834428 ], [ 29.2892152, 40.9801082 ], [ 29.2895045, 40.9797618 ], [ 29.2900364, 40.9791249 ], [ 29.2900364, 40.9784409 ], [ 29.2893851, 40.9780347 ], [ 29.2893285, 40.97703 ], [ 29.290008, 40.9767307 ], [ 29.2902062, 40.9760894 ], [ 29.2898665, 40.9756405 ], [ 29.2889887, 40.9757474 ], [ 29.2901496, 40.9740158 ], [ 29.2905177, 40.972498 ], [ 29.2930944, 40.9702746 ], [ 29.2935757, 40.9688849 ], [ 29.2953312, 40.9679228 ], [ 29.2964192, 40.9675376 ], [ 29.2978847, 40.9662207 ], [ 29.2985316, 40.9652009 ], [ 29.2989897, 40.9647178 ], [ 29.2998286, 40.9641386 ], [ 29.2998547, 40.963955 ], [ 29.2997127, 40.9637432 ], [ 29.2997342, 40.9634117 ], [ 29.3004182, 40.9623104 ], [ 29.3009153, 40.9617592 ], [ 29.3023489, 40.9605714 ], [ 29.3027668, 40.9589668 ], [ 29.3031744, 40.9586933 ], [ 29.3035236, 40.9584416 ], [ 29.3053442, 40.9586556 ], [ 29.3072943, 40.9590281 ], [ 29.3108029, 40.9600343 ], [ 29.3117751, 40.9590355 ], [ 29.3119449, 40.9555785 ], [ 29.3114388, 40.9548993 ], [ 29.3109092, 40.9541682 ], [ 29.3096973, 40.9513828 ], [ 29.3100263, 40.9507886 ], [ 29.3099644, 40.9492854 ], [ 29.3087049, 40.9485079 ], [ 29.3083493, 40.9479213 ], [ 29.3080605, 40.9474737 ], [ 29.3077219, 40.9471219 ], [ 29.3068515, 40.9463854 ], [ 29.3065685, 40.9459527 ], [ 29.3063065, 40.9456118 ], [ 29.3057602, 40.9450197 ], [ 29.3053645, 40.9448061 ], [ 29.3046738, 40.9445317 ], [ 29.3044564, 40.9444084 ], [ 29.3040722, 40.9440898 ], [ 29.3037175, 40.9435463 ], [ 29.303162, 40.9428904 ], [ 29.302526, 40.9422488 ], [ 29.3023002, 40.942096 ], [ 29.3012247, 40.9415218 ], [ 29.3000943, 40.9409083 ], [ 29.2975934, 40.9396152 ], [ 29.2972022, 40.9393296 ], [ 29.2968007, 40.9389486 ], [ 29.2963886, 40.9385013 ], [ 29.2959583, 40.9383382 ], [ 29.2956735, 40.9382302 ], [ 29.2929322, 40.9375345 ], [ 29.2883658, 40.9363035 ], [ 29.2858008, 40.9358217 ], [ 29.2843902, 40.9355499 ], [ 29.2834378, 40.9352536 ], [ 29.2829437, 40.9350999 ], [ 29.2817228, 40.9348322 ], [ 29.28027, 40.9346357 ], [ 29.2797553, 40.934283 ], [ 29.2793885, 40.9336674 ], [ 29.2791886, 40.9334121 ], [ 29.2790092, 40.9332313 ], [ 29.2786854, 40.9329866 ], [ 29.2781275, 40.9327282 ], [ 29.2779169, 40.9326307 ], [ 29.2770119, 40.9324632 ], [ 29.2749109, 40.9322072 ], [ 29.2746214, 40.9321375 ], [ 29.2745173, 40.9321028 ], [ 29.274377, 40.9320501 ], [ 29.2739926, 40.931894 ], [ 29.2735697, 40.9317408 ], [ 29.2576706, 40.9321385 ], [ 29.2568134, 40.9321766 ], [ 29.2565716, 40.9321587 ], [ 29.2560121, 40.9320725 ], [ 29.2551653, 40.9320913 ], [ 29.2545412, 40.9326064 ], [ 29.2541831, 40.9329801 ], [ 29.2539361, 40.9333418 ], [ 29.2537847, 40.9335108 ], [ 29.253501, 40.9337727 ], [ 29.2527125, 40.9344927 ], [ 29.2524565, 40.9346507 ], [ 29.2522777, 40.9348136 ], [ 29.2520987, 40.9356393 ], [ 29.2520699, 40.9361614 ], [ 29.2519, 40.9377313 ], [ 29.2519167, 40.9387021 ], [ 29.2520862, 40.9389121 ], [ 29.2523114, 40.9391318 ], [ 29.2522517, 40.939213 ], [ 29.2521342, 40.9392406 ], [ 29.2518939, 40.9392766 ], [ 29.2516658, 40.9395296 ], [ 29.2507161, 40.9404571 ], [ 29.2504902, 40.9408625 ], [ 29.2504194, 40.9411578 ], [ 29.2504299, 40.9414353 ], [ 29.2505107, 40.9417854 ], [ 29.250623, 40.9421012 ], [ 29.2502596, 40.9425258 ], [ 29.2501916, 40.9427927 ], [ 29.2501615, 40.9430232 ], [ 29.2502921, 40.9434378 ], [ 29.2505755, 40.9444033 ], [ 29.2502256, 40.9446688 ], [ 29.24992, 40.9457693 ], [ 29.2498955, 40.9463688 ], [ 29.2498894, 40.9465262 ], [ 29.2496315, 40.9467177 ], [ 29.2493037, 40.9469952 ], [ 29.2488749, 40.947473 ], [ 29.2481047, 40.9487259 ], [ 29.2478974, 40.9488775 ], [ 29.2466168, 40.9509398 ], [ 29.2466739, 40.9511027 ], [ 29.2465976, 40.9512968 ] ] ] } },
{ "type": "Feature", "properties": { "element": "relation", "id": 1276013, "name": "Kartal" }, "geometry": { "type": "Polygon", "coordinates": [ [ [ 29.138277, 40.906671 ], [ 29.1387837, 40.9069643 ], [ 29.1389281, 40.9070413 ], [ 29.1389801, 40.9070694 ], [ 29.1392165, 40.9071972 ], [ 29.1392602, 40.907226 ], [ 29.1395811, 40.9073945 ], [ 29.1397391, 40.9075642 ], [ 29.139818, 40.9077998 ], [ 29.1399288, 40.9082039 ], [ 29.1399205, 40.9084082 ], [ 29.1398579, 40.9086704 ], [ 29.1397472, 40.9089893 ], [ 29.1396873, 40.9090815 ], [ 29.1391989, 40.9097428 ], [ 29.1390669, 40.9099831 ], [ 29.1389089, 40.9103039 ], [ 29.1388647, 40.9104162 ], [ 29.1389852, 40.9107683 ], [ 29.1392383, 40.9112294 ], [ 29.1394917, 40.9116258 ], [ 29.1396911, 40.9118429 ], [ 29.1398998, 40.9120218 ], [ 29.1406524, 40.9125266 ], [ 29.1418825, 40.9131175 ], [ 29.1423939, 40.9133713 ], [ 29.1426308, 40.9134664 ], [ 29.1428437, 40.9135467 ], [ 29.1428545, 40.9135508 ], [ 29.1436073, 40.9136544 ], [ 29.1452416, 40.913885 ], [ 29.1459487, 40.9140022 ], [ 29.1466726, 40.9141442 ], [ 29.1470876, 40.9141813 ], [ 29.1474681, 40.9141181 ], [ 29.1477373, 40.9139823 ], [ 29.1481601, 40.9137162 ], [ 29.1487099, 40.9133357 ], [ 29.1491733, 40.9130398 ], [ 29.1493337, 40.9129586 ], [ 29.1493974, 40.9129187 ], [ 29.1494716, 40.912767 ], [ 29.1495361, 40.9126351 ], [ 29.1495891, 40.9125367 ], [ 29.149664, 40.9123883 ], [ 29.1496977, 40.9123215 ], [ 29.1498164, 40.9120913 ], [ 29.1498945, 40.911961 ], [ 29.1501022, 40.9115787 ], [ 29.1504278, 40.9111694 ], [ 29.1505167, 40.9109295 ], [ 29.1505555, 40.9107768 ], [ 29.1506737, 40.9104517 ], [ 29.1507708, 40.91023 ], [ 29.1509414, 40.9099032 ], [ 29.1510471, 40.9096826 ], [ 29.1515813, 40.9099288 ], [ 29.1517891, 40.9100257 ], [ 29.1519577, 40.9101107 ], [ 29.1523565, 40.9103302 ], [ 29.1526552, 40.9104717 ], [ 29.152831, 40.9105493 ], [ 29.1532179, 40.9106775 ], [ 29.1535115, 40.9107298 ], [ 29.1536431, 40.910741 ], [ 29.1539936, 40.9107691 ], [ 29.1545059, 40.9107967 ], [ 29.1546249, 40.9108124 ], [ 29.1550196, 40.9109503 ], [ 29.154701, 40.9112462 ], [ 29.1547947, 40.9112925 ], [ 29.1553384, 40.9114828 ], [ 29.1569815, 40.9120439 ], [ 29.1584523, 40.9125236 ], [ 29.1585774, 40.9125448 ], [ 29.1586788, 40.912562 ], [ 29.1589425, 40.9125546 ], [ 29.1592142, 40.9129957 ], [ 29.1593539, 40.9131961 ], [ 29.1586812, 40.9134166 ], [ 29.1583317, 40.913468 ], [ 29.1582734, 40.9134677 ], [ 29.1579276, 40.9134472 ], [ 29.1577657, 40.9134503 ], [ 29.1569745, 40.9136698 ], [ 29.1569975, 40.9137575 ], [ 29.157689, 40.9138916 ], [ 29.1601202, 40.9151176 ], [ 29.1601999, 40.9151469 ], [ 29.1621481, 40.9156477 ], [ 29.1631542, 40.9158877 ], [ 29.1633174, 40.9159336 ], [ 29.1634544, 40.9159809 ], [ 29.1635549, 40.91603 ], [ 29.1636624, 40.9161047 ], [ 29.1637613, 40.9161787 ], [ 29.1641456, 40.9165196 ], [ 29.1646298, 40.9169563 ], [ 29.1647856, 40.9170516 ], [ 29.1649474, 40.9171284 ], [ 29.1652032, 40.917234 ], [ 29.1657186, 40.9174083 ], [ 29.1665419, 40.9176936 ], [ 29.1666619, 40.9177564 ], [ 29.1669252, 40.9178365 ], [ 29.1670323, 40.9178596 ], [ 29.1671897, 40.9178822 ], [ 29.1673704, 40.9178942 ], [ 29.1675632, 40.9179031 ], [ 29.167698, 40.9178981 ], [ 29.1679289, 40.9178926 ], [ 29.1681225, 40.9178859 ], [ 29.1682813, 40.9178843 ], [ 29.1684475, 40.9178922 ], [ 29.168737, 40.9179621 ], [ 29.1689167, 40.9180279 ], [ 29.1702293, 40.9182279 ], [ 29.1702226, 40.9183359 ], [ 29.1707521, 40.9184601 ], [ 29.1713605, 40.9189454 ], [ 29.1714934, 40.9190605 ], [ 29.1715391, 40.9191155 ], [ 29.1716366, 40.919183 ], [ 29.1718313, 40.9192657 ], [ 29.1722822, 40.9193283 ], [ 29.1734416, 40.9192737 ], [ 29.1736891, 40.9192459 ], [ 29.1750316, 40.9194929 ], [ 29.175124, 40.9195631 ], [ 29.1765009, 40.9197891 ], [ 29.1771863, 40.91979 ], [ 29.1776148, 40.9198991 ], [ 29.1777395, 40.9198935 ], [ 29.1780172, 40.9199305 ], [ 29.1784077, 40.9201376 ], [ 29.1785726, 40.9202785 ], [ 29.1788216, 40.9203832 ], [ 29.179568, 40.9206772 ], [ 29.1803487, 40.9209108 ], [ 29.1805186, 40.9209759 ], [ 29.1806253, 40.9209744 ], [ 29.1810687, 40.9211011 ], [ 29.18148, 40.9212196 ], [ 29.181958, 40.9213414 ], [ 29.1821277, 40.9213819 ], [ 29.1828639, 40.9215818 ], [ 29.1829698, 40.9215947 ], [ 29.1833156, 40.9216739 ], [ 29.1835255, 40.9216907 ], [ 29.1838251, 40.9216337 ], [ 29.185026, 40.9213844 ], [ 29.1855038, 40.9212722 ], [ 29.1858631, 40.9211863 ], [ 29.1861935, 40.9211492 ], [ 29.186543, 40.9211476 ], [ 29.1868086, 40.9212407 ], [ 29.1873741, 40.9214867 ], [ 29.1874774, 40.9216074 ], [ 29.1877242, 40.9217158 ], [ 29.1878516, 40.9217226 ], [ 29.1879977, 40.9217218 ], [ 29.1886723, 40.9217289 ], [ 29.1893091, 40.9217784 ], [ 29.1894585, 40.9218024 ], [ 29.1896408, 40.92178 ], [ 29.1903934, 40.921713 ], [ 29.1907504, 40.9217018 ], [ 29.1912149, 40.9216803 ], [ 29.1916315, 40.921612 ], [ 29.1921021, 40.9215407 ], [ 29.1924263, 40.9213552 ], [ 29.1933719, 40.9212064 ], [ 29.1936186, 40.9211943 ], [ 29.1940263, 40.921174 ], [ 29.1942559, 40.9212538 ], [ 29.1944084, 40.9213292 ], [ 29.1946004, 40.9213807 ], [ 29.1947216, 40.9214571 ], [ 29.1949372, 40.9216519 ], [ 29.1950624, 40.9216986 ], [ 29.1951693, 40.9217798 ], [ 29.1953674, 40.9218791 ], [ 29.1955069, 40.9219562 ], [ 29.195626, 40.9219871 ], [ 29.1960395, 40.9220848 ], [ 29.1966388, 40.9221061 ], [ 29.1968427, 40.9220737 ], [ 29.1969285, 40.9220284 ], [ 29.1970409, 40.9220295 ], [ 29.1971308, 40.9220652 ], [ 29.1974811, 40.9221344 ], [ 29.1975619, 40.9221744 ], [ 29.1980175, 40.9222722 ], [ 29.1982053, 40.9223412 ], [ 29.1983641, 40.9223915 ], [ 29.1984553, 40.9224638 ], [ 29.1985322, 40.9226216 ], [ 29.1987462, 40.923332 ], [ 29.1988007, 40.9234802 ], [ 29.198924, 40.9235531 ], [ 29.1991279, 40.9236139 ], [ 29.1993639, 40.9223813 ], [ 29.1993081, 40.9222454 ], [ 29.1993285, 40.9221136 ], [ 29.1994669, 40.9218874 ], [ 29.1996671, 40.9216462 ], [ 29.1997432, 40.921449 ], [ 29.1998407, 40.9213249 ], [ 29.1999875, 40.9213079 ], [ 29.2002233, 40.921303 ], [ 29.2007117, 40.9214517 ], [ 29.2012151, 40.9215824 ], [ 29.2014522, 40.921668 ], [ 29.2019553, 40.9219064 ], [ 29.2021546, 40.9220395 ], [ 29.2023424, 40.9221246 ], [ 29.2032759, 40.9223556 ], [ 29.2035438, 40.9224219 ], [ 29.2037844, 40.9224953 ], [ 29.203881, 40.922615 ], [ 29.2038498, 40.9227026 ], [ 29.2037656, 40.9227418 ], [ 29.2036462, 40.9227441 ], [ 29.2035151, 40.9227281 ], [ 29.2035076, 40.9227723 ], [ 29.2034489, 40.922773 ], [ 29.2033772, 40.9228921 ], [ 29.2033399, 40.9230079 ], [ 29.2032372, 40.923146 ], [ 29.2033392, 40.9232149 ], [ 29.2037878, 40.9233532 ], [ 29.2039681, 40.9234105 ], [ 29.2041095, 40.923493 ], [ 29.2042226, 40.9234949 ], [ 29.2043316, 40.9234986 ], [ 29.2044344, 40.923655 ], [ 29.204559, 40.9237114 ], [ 29.2047071, 40.9239567 ], [ 29.2050397, 40.9240093 ], [ 29.2051953, 40.923912 ], [ 29.2054841, 40.9239024 ], [ 29.20556, 40.9238797 ], [ 29.2056352, 40.9237215 ], [ 29.2057187, 40.92377 ], [ 29.205786, 40.9240828 ], [ 29.2058669, 40.9244461 ], [ 29.205877, 40.9247846 ], [ 29.2057411, 40.925137 ], [ 29.205695, 40.925201 ], [ 29.2056737, 40.9254779 ], [ 29.2057226, 40.9257266 ], [ 29.2057991, 40.9260196 ], [ 29.2058716, 40.9264634 ], [ 29.2059266, 40.9275434 ], [ 29.2060462, 40.9277643 ], [ 29.206334, 40.9277583 ], [ 29.2063342, 40.9280925 ], [ 29.2063415, 40.9283745 ], [ 29.2064825, 40.9292685 ], [ 29.206652, 40.9301106 ], [ 29.206781, 40.9305375 ], [ 29.2070173, 40.9314507 ], [ 29.207466, 40.9327927 ], [ 29.2080106, 40.934204 ], [ 29.2086994, 40.9357389 ], [ 29.2091567, 40.9366612 ], [ 29.2097295, 40.9377006 ], [ 29.2100931, 40.9383095 ], [ 29.2106167, 40.93918 ], [ 29.2115148, 40.9405245 ], [ 29.2124793, 40.9417956 ], [ 29.2128639, 40.9422642 ], [ 29.2135868, 40.9431642 ], [ 29.2143975, 40.9440654 ], [ 29.2148152, 40.9445186 ], [ 29.2162998, 40.9460384 ], [ 29.2180041, 40.9478277 ], [ 29.2197532, 40.9497736 ], [ 29.2205723, 40.9508829 ], [ 29.2208626, 40.9513497 ], [ 29.2211252, 40.9518211 ], [ 29.2225237, 40.9519931 ], [ 29.2229303, 40.9520299 ], [ 29.2233043, 40.952079 ], [ 29.223597, 40.9522141 ], [ 29.2238247, 40.9523861 ], [ 29.2241011, 40.9525703 ], [ 29.2243451, 40.9526808 ], [ 29.224654, 40.9527668 ], [ 29.2249142, 40.9528037 ], [ 29.2250931, 40.9528282 ], [ 29.2252557, 40.9529265 ], [ 29.2255159, 40.9529142 ], [ 29.2256948, 40.9529633 ], [ 29.2259062, 40.9529633 ], [ 29.2260688, 40.9529019 ], [ 29.2263941, 40.9527914 ], [ 29.2266055, 40.9525949 ], [ 29.2268006, 40.952558 ], [ 29.2271258, 40.9524843 ], [ 29.2273535, 40.9524229 ], [ 29.2274673, 40.9523124 ], [ 29.2276137, 40.9521527 ], [ 29.2277926, 40.952079 ], [ 29.2279877, 40.9519071 ], [ 29.2281991, 40.9516983 ], [ 29.2287525, 40.9508839 ], [ 29.2289208, 40.9504888 ], [ 29.2289581, 40.950332 ], [ 29.2289305, 40.9500738 ], [ 29.2287462, 40.949436 ], [ 29.2293423, 40.9494274 ], [ 29.2295876, 40.9494207 ], [ 29.2297436, 40.94932 ], [ 29.2299405, 40.9492832 ], [ 29.2301206, 40.9493085 ], [ 29.2303188, 40.9494262 ], [ 29.2304604, 40.9494796 ], [ 29.2305595, 40.9496079 ], [ 29.2306869, 40.9497149 ], [ 29.2308426, 40.9498111 ], [ 29.2310691, 40.9498539 ], [ 29.2312673, 40.9497897 ], [ 29.2314655, 40.9497042 ], [ 29.2315929, 40.9496507 ], [ 29.2317203, 40.9495759 ], [ 29.2318194, 40.9494262 ], [ 29.2320034, 40.9492444 ], [ 29.2320742, 40.9491375 ], [ 29.2324706, 40.9491588 ], [ 29.2325839, 40.9492551 ], [ 29.2327113, 40.9493299 ], [ 29.2328812, 40.9492979 ], [ 29.2331926, 40.9492123 ], [ 29.2334899, 40.9492658 ], [ 29.2336456, 40.9492979 ], [ 29.2338438, 40.9493941 ], [ 29.2339571, 40.9494475 ], [ 29.2342119, 40.9494475 ], [ 29.2343393, 40.9494689 ], [ 29.234495, 40.9495117 ], [ 29.2346366, 40.9495759 ], [ 29.2347074, 40.9496507 ], [ 29.2349481, 40.9497042 ], [ 29.2352453, 40.9498325 ], [ 29.2354152, 40.9498859 ], [ 29.2356134, 40.9499073 ], [ 29.235939, 40.9498646 ], [ 29.2362222, 40.9498325 ], [ 29.2364911, 40.9498752 ], [ 29.2368734, 40.9498966 ], [ 29.2371848, 40.9498966 ], [ 29.2375954, 40.9499394 ], [ 29.2378927, 40.9499608 ], [ 29.2381758, 40.949918 ], [ 29.2383457, 40.9499715 ], [ 29.2385439, 40.9500463 ], [ 29.2387704, 40.950057 ], [ 29.2389969, 40.9499608 ], [ 29.2392376, 40.9498325 ], [ 29.2399029, 40.9497576 ], [ 29.2407099, 40.9497255 ], [ 29.2411487, 40.9498218 ], [ 29.241531, 40.9498218 ], [ 29.2418424, 40.9498539 ], [ 29.2420831, 40.9498325 ], [ 29.2425078, 40.9498646 ], [ 29.2428759, 40.9499929 ], [ 29.2434846, 40.9502174 ], [ 29.2443057, 40.9505916 ], [ 29.2450277, 40.9507627 ], [ 29.245325, 40.9508162 ], [ 29.245509, 40.9509659 ], [ 29.245962, 40.9511476 ], [ 29.2463584, 40.9512545 ], [ 29.2465976, 40.9512968 ], [ 29.2466739, 40.9511027 ], [ 29.2466168, 40.9509398 ], [ 29.2478974, 40.9488775 ], [ 29.2481047, 40.9487259 ], [ 29.2488749, 40.947473 ], [ 29.2493037, 40.9469952 ], [ 29.2496315, 40.9467177 ], [ 29.2498894, 40.9465262 ], [ 29.2498955, 40.9463688 ], [ 29.24992, 40.9457693 ], [ 29.2502256, 40.9446688 ], [ 29.2505755, 40.9444033 ], [ 29.2502921, 40.9434378 ], [ 29.2501615, 40.9430232 ], [ 29.2501916, 40.9427927 ], [ 29.2502596, 40.9425258 ], [ 29.250623, 40.9421012 ], [ 29.2505107, 40.9417854 ], [ 29.2504299, 40.9414353 ], [ 29.2504194, 40.9411578 ], [ 29.2504902, 40.9408625 ], [ 29.2507161, 40.9404571 ], [ 29.2516658, 40.9395296 ], [ 29.2518939, 40.9392766 ], [ 29.2521342, 40.9392406 ], [ 29.2522517, 40.939213 ], [ 29.2523114, 40.9391318 ], [ 29.2520862, 40.9389121 ], [ 29.2519167, 40.9387021 ], [ 29.2519, 40.9377313 ], [ 29.2520699, 40.9361614 ], [ 29.2520987, 40.9356393 ], [ 29.2522777, 40.9348136 ], [ 29.2524565, 40.9346507 ], [ 29.2527125, 40.9344927 ], [ 29.253501, 40.9337727 ], [ 29.2537847, 40.9335108 ], [ 29.2539361, 40.9333418 ], [ 29.2541831, 40.9329801 ], [ 29.2545412, 40.9326064 ], [ 29.2551653, 40.9320913 ], [ 29.2551524, 40.9306471 ], [ 29.2529156, 40.9289999 ], [ 29.2508694, 40.9259703 ], [ 29.2505936, 40.9252856 ], [ 29.2498129, 40.9228226 ], [ 29.2495887, 40.9222921 ], [ 29.2490385, 40.9217456 ], [ 29.2478009, 40.9211668 ], [ 29.2474748, 40.9211142 ], [ 29.2459513, 40.9209926 ], [ 29.2448247, 40.9208062 ], [ 29.2439342, 40.9202549 ], [ 29.2434085, 40.9198739 ], [ 29.2429909, 40.9195255 ], [ 29.2430837, 40.91927 ], [ 29.2432129, 40.9189258 ], [ 29.2432605, 40.9186433 ], [ 29.2431177, 40.9182785 ], [ 29.2430225, 40.9181295 ], [ 29.2430293, 40.9179343 ], [ 29.2431993, 40.9176671 ], [ 29.2433489, 40.917179 ], [ 29.2434985, 40.9169016 ], [ 29.243682, 40.9164032 ], [ 29.244056, 40.9158894 ], [ 29.2444707, 40.9154681 ], [ 29.2449286, 40.9151732 ], [ 29.245069, 40.9150828 ], [ 29.245137, 40.9149492 ], [ 29.2451234, 40.9148567 ], [ 29.2449466, 40.9147437 ], [ 29.2444775, 40.9145793 ], [ 29.24409, 40.914271 ], [ 29.2435936, 40.9139936 ], [ 29.2435189, 40.9138857 ], [ 29.2435868, 40.9137367 ], [ 29.2438103, 40.9135985 ], [ 29.2440087, 40.9134889 ], [ 29.2442445, 40.9134094 ], [ 29.244534, 40.9132921 ], [ 29.2448726, 40.9131048 ], [ 29.2450595, 40.9129363 ], [ 29.2451364, 40.9128349 ], [ 29.2453172, 40.9125966 ], [ 29.2455038, 40.9122333 ], [ 29.2455429, 40.9121624 ], [ 29.2456581, 40.9119744 ], [ 29.2457485, 40.9117969 ], [ 29.2458074, 40.9116948 ], [ 29.2458461, 40.911624 ], [ 29.2458599, 40.9115987 ], [ 29.2459004, 40.9113335 ], [ 29.2458512, 40.9104504 ], [ 29.2456985, 40.9099394 ], [ 29.2455662, 40.9094068 ], [ 29.2454782, 40.9088549 ], [ 29.2453739, 40.907394 ], [ 29.2457738, 40.9072708 ], [ 29.2454961, 40.9066073 ], [ 29.2454573, 40.9063441 ], [ 29.2454553, 40.9062247 ], [ 29.2454761, 40.9061246 ], [ 29.2455334, 40.9060333 ], [ 29.2458236, 40.9057365 ], [ 29.2461785, 40.9053972 ], [ 29.2466096, 40.9050076 ], [ 29.2467884, 40.9048148 ], [ 29.2469004, 40.9046317 ], [ 29.2469393, 40.9043582 ], [ 29.2469149, 40.9040961 ], [ 29.2468276, 40.9025682 ], [ 29.2467231, 40.9010448 ], [ 29.2466612, 40.9008528 ], [ 29.2460585, 40.9006711 ], [ 29.2458671, 40.9005953 ], [ 29.2455839, 40.900442 ], [ 29.2453812, 40.900256 ], [ 29.2452349, 40.9000519 ], [ 29.2450925, 40.8998294 ], [ 29.2449153, 40.8996433 ], [ 29.2447345, 40.8994812 ], [ 29.2444332, 40.8992534 ], [ 29.2438801, 40.8988995 ], [ 29.243452, 40.8986288 ], [ 29.2433044, 40.8985315 ], [ 29.2431113, 40.8983368 ], [ 29.2428377, 40.8982851 ], [ 29.2427514, 40.8982812 ], [ 29.242242, 40.8983407 ], [ 29.2416735, 40.898413 ], [ 29.2411885, 40.8984557 ], [ 29.2407126, 40.8984563 ], [ 29.2404477, 40.8984726 ], [ 29.2402686, 40.8984914 ], [ 29.2401082, 40.8985207 ], [ 29.2397837, 40.8985809 ], [ 29.2394967, 40.8986478 ], [ 29.2392627, 40.8986889 ], [ 29.2390998, 40.8987188 ], [ 29.2389214, 40.8987436 ], [ 29.238558, 40.8987918 ], [ 29.238397, 40.8988202 ], [ 29.23822, 40.8988394 ], [ 29.2381047, 40.8988359 ], [ 29.2380175, 40.8988273 ], [ 29.2379303, 40.898807 ], [ 29.2378814, 40.8987867 ], [ 29.2378237, 40.898768 ], [ 29.2377446, 40.8987365 ], [ 29.2376883, 40.8987122 ], [ 29.2376346, 40.8986864 ], [ 29.2375729, 40.898656 ], [ 29.237526, 40.8986296 ], [ 29.2374643, 40.8985941 ], [ 29.2374194, 40.8985596 ], [ 29.2373637, 40.8985145 ], [ 29.2372712, 40.898398 ], [ 29.2372107, 40.8983325 ], [ 29.2370701, 40.8981447 ], [ 29.2370287, 40.8980551 ], [ 29.2369901, 40.8979634 ], [ 29.2369498, 40.8978222 ], [ 29.2369348, 40.8974616 ], [ 29.2368596, 40.897332 ], [ 29.2368686, 40.896969 ], [ 29.2368691, 40.8969574 ], [ 29.2369369, 40.8967038 ], [ 29.2369738, 40.8965553 ], [ 29.2370991, 40.8962469 ], [ 29.2367511, 40.8960069 ], [ 29.2364204, 40.8957557 ], [ 29.2362537, 40.8956433 ], [ 29.2360777, 40.89552 ], [ 29.2357346, 40.895236 ], [ 29.2356507, 40.8951371 ], [ 29.235478, 40.8949412 ], [ 29.235319, 40.8948248 ], [ 29.2350733, 40.8946741 ], [ 29.2348528, 40.8945686 ], [ 29.2346627, 40.8945281 ], [ 29.2343359, 40.8944678 ], [ 29.2338237, 40.8943727 ], [ 29.2335118, 40.8943197 ], [ 29.2335661, 40.8941547 ], [ 29.2336059, 40.8939825 ], [ 29.2336706, 40.8937041 ], [ 29.23353, 40.8936765 ], [ 29.2333933, 40.8936199 ], [ 29.233341, 40.8935749 ], [ 29.2332971, 40.8935218 ], [ 29.2332732, 40.8934809 ], [ 29.2332465, 40.8934335 ], [ 29.2332361, 40.8933994 ], [ 29.2332021, 40.8933296 ], [ 29.233177, 40.8932522 ], [ 29.2331273, 40.8931693 ], [ 29.2330426, 40.8930573 ], [ 29.2329472, 40.8929533 ], [ 29.2327813, 40.8927801 ], [ 29.2322942, 40.8923614 ], [ 29.2308011, 40.8933243 ], [ 29.2279158, 40.8951773 ], [ 29.2245486, 40.8973843 ], [ 29.2244661, 40.8972092 ], [ 29.2242195, 40.8967313 ], [ 29.2241891, 40.8966723 ], [ 29.2241637, 40.8966236 ], [ 29.2238417, 40.8960063 ], [ 29.2238123, 40.8959658 ], [ 29.2232997, 40.8948547 ], [ 29.223129, 40.8940084 ], [ 29.2231271, 40.8925363 ], [ 29.22322, 40.8905539 ], [ 29.2232099, 40.890208 ], [ 29.2232292, 40.8898323 ], [ 29.2232245, 40.8896182 ], [ 29.2208517, 40.8896478 ], [ 29.2204855, 40.8896995 ], [ 29.2195581, 40.8898906 ], [ 29.2187487, 40.890044 ], [ 29.2188087, 40.8891398 ], [ 29.2188755, 40.8877362 ], [ 29.2188666, 40.8871859 ], [ 29.2187573, 40.8866813 ], [ 29.2186509, 40.8864952 ], [ 29.2181811, 40.8865939 ], [ 29.2174402, 40.8867341 ], [ 29.2174068, 40.8866583 ], [ 29.2174585, 40.8865923 ], [ 29.2186939, 40.8850062 ], [ 29.2189055, 40.8847345 ], [ 29.2185569, 40.883678 ], [ 29.2185065, 40.8835341 ], [ 29.2184612, 40.8833865 ], [ 29.2182654, 40.882816 ], [ 29.2181537, 40.8824409 ], [ 29.2181391, 40.8822909 ], [ 29.2181194, 40.8819076 ], [ 29.2180847, 40.881645 ], [ 29.218055, 40.881505 ], [ 29.2179933, 40.881158 ], [ 29.2179029, 40.8807444 ], [ 29.2178495, 40.8806279 ], [ 29.2176916, 40.8802834 ], [ 29.2175742, 40.8800135 ], [ 29.2174729, 40.8798144 ], [ 29.2169878, 40.8792755 ], [ 29.2164002, 40.87887 ], [ 29.2160634, 40.8786154 ], [ 29.2154413, 40.8781452 ], [ 29.2153421, 40.8782088 ], [ 29.2149988, 40.8784879 ], [ 29.2132993, 40.8792471 ], [ 29.2112215, 40.880107 ], [ 29.2096114, 40.8806724 ], [ 29.2087947, 40.8810098 ], [ 29.2085643, 40.8810882 ], [ 29.2083511, 40.8811536 ], [ 29.2082938, 40.881172 ], [ 29.2079581, 40.8812799 ], [ 29.2071336, 40.8815975 ], [ 29.2064571, 40.8818962 ], [ 29.2060614, 40.8820323 ], [ 29.2060862, 40.8816641 ], [ 29.2067917, 40.8813255 ], [ 29.2067445, 40.8812541 ], [ 29.20602, 40.8815339 ], [ 29.2056813, 40.881135 ], [ 29.2055868, 40.8811886 ], [ 29.2059167, 40.8815935 ], [ 29.2059176, 40.8822841 ], [ 29.2056971, 40.8825223 ], [ 29.20503, 40.882734 ], [ 29.2042813, 40.8829202 ], [ 29.2038476, 40.8831233 ], [ 29.203694, 40.883273 ], [ 29.2033446, 40.8832966 ], [ 29.20301, 40.8831161 ], [ 29.2026457, 40.8829315 ], [ 29.2024643, 40.8828592 ], [ 29.2020446, 40.8826918 ], [ 29.2015356, 40.8826781 ], [ 29.2011265, 40.8827826 ], [ 29.2004814, 40.883034 ], [ 29.1998844, 40.8831818 ], [ 29.1992611, 40.8832688 ], [ 29.198073, 40.8833874 ], [ 29.1971196, 40.8836607 ], [ 29.194606, 40.884602 ], [ 29.1926539, 40.8853985 ], [ 29.1926054, 40.8856281 ], [ 29.1925485, 40.8858134 ], [ 29.1925094, 40.885802 ], [ 29.1924639, 40.8859168 ], [ 29.192492, 40.8859223 ], [ 29.1923812, 40.885959 ], [ 29.1915355, 40.8861463 ], [ 29.191251, 40.8862602 ], [ 29.1911724, 40.8862384 ], [ 29.190987, 40.8860773 ], [ 29.1908724, 40.8859454 ], [ 29.1908874, 40.8858724 ], [ 29.1914438, 40.8853954 ], [ 29.1920568, 40.8851637 ], [ 29.1924297, 40.8850948 ], [ 29.1924738, 40.8851121 ], [ 29.1925398, 40.8850891 ], [ 29.1925948, 40.8850445 ], [ 29.1925781, 40.8849759 ], [ 29.192553, 40.8849136 ], [ 29.1924125, 40.8848896 ], [ 29.1921916, 40.884949 ], [ 29.1916999, 40.8851246 ], [ 29.1912714, 40.8853051 ], [ 29.1906486, 40.8858223 ], [ 29.1905867, 40.8858822 ], [ 29.1907464, 40.8861256 ], [ 29.1905392, 40.886193 ], [ 29.1903076, 40.8860176 ], [ 29.190207, 40.8860946 ], [ 29.1904353, 40.8862689 ], [ 29.1901165, 40.8864242 ], [ 29.188908, 40.8868474 ], [ 29.1883241, 40.8869955 ], [ 29.1879627, 40.8870291 ], [ 29.1878175, 40.887016 ], [ 29.1879254, 40.8865697 ], [ 29.1877969, 40.886552 ], [ 29.1876889, 40.8869982 ], [ 29.1871801, 40.8868325 ], [ 29.1869305, 40.8866708 ], [ 29.186548, 40.886423 ], [ 29.186201, 40.886173 ], [ 29.185855, 40.885923 ], [ 29.1852585, 40.8855936 ], [ 29.1845117, 40.8853341 ], [ 29.1836532, 40.885224 ], [ 29.1830426, 40.8852738 ], [ 29.1823971, 40.885291 ], [ 29.1813645, 40.8853758 ], [ 29.1803318, 40.8854898 ], [ 29.1793876, 40.8856849 ], [ 29.1784006, 40.8861475 ], [ 29.177971, 40.8864419 ], [ 29.1774135, 40.8868784 ], [ 29.1770101, 40.8872548 ], [ 29.1766665, 40.8876615 ], [ 29.1761861, 40.8881762 ], [ 29.1755592, 40.888918 ], [ 29.1752476, 40.8893364 ], [ 29.1749807, 40.8896543 ], [ 29.1745688, 40.8900955 ], [ 29.174152, 40.8904212 ], [ 29.1731334, 40.8910356 ], [ 29.171169, 40.891977 ], [ 29.1703802, 40.8924054 ], [ 29.1697537, 40.8928596 ], [ 29.1691013, 40.8932748 ], [ 29.167526, 40.894356 ], [ 29.1669631, 40.8946987 ], [ 29.1664005, 40.8949725 ], [ 29.1658857, 40.8952343 ], [ 29.1653967, 40.8955001 ], [ 29.1649927, 40.895709 ], [ 29.1645606, 40.8959137 ], [ 29.1641631, 40.8961358 ], [ 29.1636799, 40.8963935 ], [ 29.1623311, 40.8970586 ], [ 29.1621391, 40.8971554 ], [ 29.16187, 40.897286 ], [ 29.1609022, 40.8977689 ], [ 29.159867, 40.8982725 ], [ 29.158259, 40.8990334 ], [ 29.1567365, 40.8997791 ], [ 29.1546956, 40.9006568 ], [ 29.1544914, 40.9002689 ], [ 29.1543347, 40.9003276 ], [ 29.1545652, 40.9006933 ], [ 29.1540247, 40.900828 ], [ 29.1534876, 40.9008999 ], [ 29.1529518, 40.9009253 ], [ 29.1518551, 40.9008337 ], [ 29.1517694, 40.9008741 ], [ 29.151739, 40.9009265 ], [ 29.1517694, 40.9010029 ], [ 29.151852, 40.9010403 ], [ 29.1520824, 40.9011707 ], [ 29.1520719, 40.9013355 ], [ 29.1519574, 40.9014333 ], [ 29.1517659, 40.901531 ], [ 29.1510736, 40.901601 ], [ 29.1503832, 40.9016477 ], [ 29.1491159, 40.9016029 ], [ 29.1485631, 40.9015719 ], [ 29.1480212, 40.9015324 ], [ 29.1477839, 40.90148 ], [ 29.1475867, 40.901431 ], [ 29.1473882, 40.9012891 ], [ 29.14734, 40.9011188 ], [ 29.1473502, 40.9010273 ], [ 29.1473722, 40.9009323 ], [ 29.1474794, 40.9008187 ], [ 29.1476672, 40.900762 ], [ 29.1478493, 40.900747 ], [ 29.1480271, 40.900772 ], [ 29.1481621, 40.9007267 ], [ 29.1482559, 40.9006499 ], [ 29.148237, 40.9005341 ], [ 29.1481306, 40.9004413 ], [ 29.1479736, 40.9004711 ], [ 29.1471582, 40.9006204 ], [ 29.1463805, 40.9008647 ], [ 29.1454416, 40.9011394 ], [ 29.1441637, 40.9016536 ], [ 29.1434073, 40.9020554 ], [ 29.1424986, 40.9025975 ], [ 29.140776, 40.904098 ], [ 29.1400858, 40.9048176 ], [ 29.1387137, 40.906215 ], [ 29.138483, 40.90645 ], [ 29.138277, 40.906671 ] ] ] } },
{ "type": "Feature", "properties": { "element": "relation", "id": 1276014, "name": "Sancaktepe" }, "geometry": { "type": "Polygon", "coordinates": [ [ [ 29.1863042, 41.007504 ], [ 29.1856762, 41.0090429 ], [ 29.1862616, 41.0092797 ], [ 29.1878016, 41.0097603 ], [ 29.1883982, 41.0098118 ], [ 29.1885308, 41.0098083 ], [ 29.1890267, 41.0098013 ], [ 29.1897296, 41.0098464 ], [ 29.190722, 41.010046 ], [ 29.1909573, 41.0100869 ], [ 29.1911656, 41.0101295 ], [ 29.1913431, 41.0101871 ], [ 29.1926222, 41.0106274 ], [ 29.1946641, 41.011395 ], [ 29.1943431, 41.0121192 ], [ 29.1940705, 41.0127539 ], [ 29.1939648, 41.0133184 ], [ 29.1917803, 41.0134261 ], [ 29.1915013, 41.013453 ], [ 29.1908275, 41.0135127 ], [ 29.1907382, 41.0140145 ], [ 29.193605, 41.0137438 ], [ 29.1942889, 41.0136897 ], [ 29.1953589, 41.013693 ], [ 29.1962948, 41.0137821 ], [ 29.1986661, 41.0140725 ], [ 29.1997453, 41.014242 ], [ 29.1998233, 41.0140981 ], [ 29.2051927, 41.0130298 ], [ 29.207031, 41.0135906 ], [ 29.2137273, 41.0160293 ], [ 29.2140099, 41.0160492 ], [ 29.2162398, 41.0160278 ], [ 29.2164699, 41.0160189 ], [ 29.2168505, 41.0159876 ], [ 29.2171006, 41.0159986 ], [ 29.2172749, 41.0160207 ], [ 29.2179732, 41.016169 ], [ 29.2187713, 41.0163859 ], [ 29.219718, 41.0165442 ], [ 29.2201283, 41.0164733 ], [ 29.2209081, 41.0163484 ], [ 29.2219825, 41.0162709 ], [ 29.2247452, 41.0163083 ], [ 29.2272554, 41.0163039 ], [ 29.2273844, 41.016306 ], [ 29.2295119, 41.0163251 ], [ 29.2297603, 41.0163607 ], [ 29.2338378, 41.016773 ], [ 29.2350957, 41.0169278 ], [ 29.2352806, 41.0168828 ], [ 29.2370544, 41.0166322 ], [ 29.236851, 41.0168042 ], [ 29.2368387, 41.0171017 ], [ 29.2368851, 41.0186862 ], [ 29.2368024, 41.0186988 ], [ 29.2377653, 41.0206894 ], [ 29.2378316, 41.0207736 ], [ 29.2393914, 41.0223771 ], [ 29.2395639, 41.0217618 ], [ 29.2395928, 41.0214718 ], [ 29.2407051, 41.0217482 ], [ 29.2428387, 41.021942 ], [ 29.2437682, 41.0218466 ], [ 29.2444562, 41.0218758 ], [ 29.2459919, 41.0218164 ], [ 29.2458951, 41.0221079 ], [ 29.2458844, 41.0224802 ], [ 29.2460592, 41.0229869 ], [ 29.2458062, 41.0231273 ], [ 29.246127, 41.0246278 ], [ 29.2463148, 41.0245803 ], [ 29.2463851, 41.024381 ], [ 29.2462873, 41.0240333 ], [ 29.2462005, 41.0236089 ], [ 29.2467318, 41.0236984 ], [ 29.2477376, 41.0239093 ], [ 29.2479608, 41.0234831 ], [ 29.2491102, 41.0235113 ], [ 29.2491284, 41.0237757 ], [ 29.2498648, 41.0249247 ], [ 29.2511435, 41.02524 ], [ 29.2513847, 41.0252985 ], [ 29.2514705, 41.0253591 ], [ 29.2515388, 41.0254324 ], [ 29.2510316, 41.0264462 ], [ 29.2510811, 41.026509 ], [ 29.2511966, 41.026571 ], [ 29.2500653, 41.0281515 ], [ 29.2503176, 41.0281683 ], [ 29.2505605, 41.0281837 ], [ 29.2510177, 41.0281864 ], [ 29.2522884, 41.0281346 ], [ 29.257316, 41.0278405 ], [ 29.2581039, 41.0278146 ], [ 29.2584891, 41.0278084 ], [ 29.2590924, 41.0278342 ], [ 29.2593789, 41.0278618 ], [ 29.2596437, 41.027908 ], [ 29.2601471, 41.0280159 ], [ 29.2607473, 41.0281798 ], [ 29.2628463, 41.0287906 ], [ 29.2636387, 41.0290265 ], [ 29.2642062, 41.029216 ], [ 29.2646289, 41.0294182 ], [ 29.2650161, 41.0296251 ], [ 29.2653091, 41.0298205 ], [ 29.2655975, 41.0300415 ], [ 29.2676583, 41.0315956 ], [ 29.2684676, 41.0322313 ], [ 29.2687535, 41.0325388 ], [ 29.2709809, 41.0349911 ], [ 29.2722683, 41.0364328 ], [ 29.2727873, 41.0371592 ], [ 29.2730875, 41.0378424 ], [ 29.273245, 41.0383324 ], [ 29.2732893, 41.0391195 ], [ 29.2733533, 41.0403223 ], [ 29.2735108, 41.0410128 ], [ 29.2744952, 41.0423455 ], [ 29.2771096, 41.0432662 ], [ 29.2785533, 41.0437556 ], [ 29.2812109, 41.0447455 ], [ 29.2814968, 41.0448877 ], [ 29.2823149, 41.0456643 ], [ 29.2828403, 41.046276 ], [ 29.2831705, 41.0466795 ], [ 29.2833821, 41.0471275 ], [ 29.2836505, 41.0479897 ], [ 29.2838564, 41.0488475 ], [ 29.2841293, 41.0494982 ], [ 29.2844597, 41.0500915 ], [ 29.2848177, 41.0505088 ], [ 29.2852611, 41.0508862 ], [ 29.2856435, 41.0512145 ], [ 29.2861399, 41.0514845 ], [ 29.2866932, 41.0517024 ], [ 29.2902669, 41.0527344 ], [ 29.2926429, 41.0516411 ], [ 29.2948461, 41.0505546 ], [ 29.2954477, 41.0502281 ], [ 29.295909, 41.0499777 ], [ 29.2966242, 41.0492286 ], [ 29.297697, 41.048959 ], [ 29.300071, 41.0478353 ], [ 29.3014219, 41.0492286 ], [ 29.3025299, 41.0495171 ], [ 29.3043973, 41.0494805 ], [ 29.3057297, 41.0489863 ], [ 29.3058766, 41.0489318 ], [ 29.3065799, 41.0489501 ], [ 29.3069921, 41.0492062 ], [ 29.3088837, 41.0490964 ], [ 29.3099992, 41.0485844 ], [ 29.3120848, 41.0486392 ], [ 29.3136126, 41.0488221 ], [ 29.3144614, 41.049133 ], [ 29.3164015, 41.0496085 ], [ 29.3181961, 41.050212 ], [ 29.3190691, 41.0507241 ], [ 29.3196511, 41.0506327 ], [ 29.3204514, 41.0503584 ], [ 29.3212746, 41.0508068 ], [ 29.3213244, 41.0508339 ], [ 29.3220762, 41.0508521 ], [ 29.3230727, 41.0506023 ], [ 29.3230948, 41.0505961 ], [ 29.324089, 41.050651 ], [ 29.3264656, 41.0504132 ], [ 29.3283572, 41.0495537 ], [ 29.3287695, 41.0489136 ], [ 29.3298123, 41.0485112 ], [ 29.3307338, 41.0484929 ], [ 29.3316796, 41.0488953 ], [ 29.3362388, 41.0486941 ], [ 29.3371873, 41.04818 ], [ 29.3386396, 41.048054 ], [ 29.3399734, 41.0487672 ], [ 29.342037, 41.0486559 ], [ 29.3446716, 41.0479056 ], [ 29.3465712, 41.0479526 ], [ 29.3467099, 41.0473928 ], [ 29.3482907, 41.0428624 ], [ 29.3480662, 41.0417507 ], [ 29.3485809, 41.0413682 ], [ 29.3488612, 41.0413219 ], [ 29.3501465, 41.0412655 ], [ 29.3516701, 41.0410912 ], [ 29.3539929, 41.0402164 ], [ 29.3557051, 41.0398447 ], [ 29.3603205, 41.0384623 ], [ 29.3592498, 41.0357691 ], [ 29.3595119, 41.0343444 ], [ 29.3609131, 41.0324736 ], [ 29.3643262, 41.0290568 ], [ 29.3643724, 41.0265401 ], [ 29.3611469, 41.0257519 ], [ 29.3585601, 41.0258291 ], [ 29.3555799, 41.0257346 ], [ 29.352725, 41.0238231 ], [ 29.3490474, 41.0217585 ], [ 29.3474802, 41.0203907 ], [ 29.34492, 41.0166672 ], [ 29.3425625, 41.0158953 ], [ 29.3358696, 41.0169638 ], [ 29.3291557, 41.017109 ], [ 29.3222222, 41.0166338 ], [ 29.3171728, 41.0168534 ], [ 29.3154446, 41.0170975 ], [ 29.3133439, 41.0163549 ], [ 29.3111191, 41.0160402 ], [ 29.3093219, 41.0155121 ], [ 29.3065261, 41.0157509 ], [ 29.3043117, 41.0154021 ], [ 29.3027387, 41.0154014 ], [ 29.3005875, 41.0156918 ], [ 29.2984345, 41.0158447 ], [ 29.2948815, 41.0151029 ], [ 29.2948795, 41.015101 ], [ 29.2943074, 41.0145703 ], [ 29.2934201, 41.0136167 ], [ 29.2933651, 41.0135714 ], [ 29.2941666, 41.0119157 ], [ 29.291974, 41.0105917 ], [ 29.2910594, 41.0083066 ], [ 29.290246, 41.0078193 ], [ 29.2886712, 41.0075226 ], [ 29.287747, 41.0063106 ], [ 29.2878045, 41.0059419 ], [ 29.286913, 41.0029994 ], [ 29.2867737, 41.0023896 ], [ 29.2833358, 41.0029557 ], [ 29.2826085, 41.0029699 ], [ 29.2808638, 41.0030038 ], [ 29.2759529, 41.0030285 ], [ 29.2710815, 41.0031807 ], [ 29.2694146, 41.0035315 ], [ 29.2657677, 41.0042989 ], [ 29.2630308, 41.0048748 ], [ 29.2624509, 41.0048762 ], [ 29.2622935, 41.004819 ], [ 29.262111, 41.0047937 ], [ 29.2616995, 41.0044365 ], [ 29.2614143, 41.0042219 ], [ 29.2612818, 41.0041305 ], [ 29.2610215, 41.0040321 ], [ 29.2607603, 41.0037164 ], [ 29.2604025, 41.0035291 ], [ 29.2599368, 41.0033337 ], [ 29.2597997, 41.0032573 ], [ 29.2597273, 41.0031925 ], [ 29.2595878, 41.0029456 ], [ 29.2595315, 41.0028221 ], [ 29.2594698, 41.0026278 ], [ 29.2594926, 41.002477 ], [ 29.259569, 41.0022675 ], [ 29.2596088, 41.002122 ], [ 29.259738, 41.0019143 ], [ 29.2597729, 41.0018242 ], [ 29.2597997, 41.0015813 ], [ 29.2598346, 41.0013667 ], [ 29.2596602, 41.000889 ], [ 29.2596576, 41.00081 ], [ 29.2596334, 41.0007108 ], [ 29.2596603, 41.0005617 ], [ 29.2596495, 41.0004801 ], [ 29.2596361, 41.0002473 ], [ 29.2595664, 41.0000954 ], [ 29.2594671, 40.9999112 ], [ 29.259443, 40.9997857 ], [ 29.2594859, 40.9996137 ], [ 29.2595074, 40.9995043 ], [ 29.2595035, 40.9993722 ], [ 29.2594658, 40.9992548 ], [ 29.2594068, 40.998972 ], [ 29.2593384, 40.9988798 ], [ 29.2592767, 40.9985529 ], [ 29.2591754, 40.9983738 ], [ 29.2591159, 40.9982448 ], [ 29.259008, 40.9980065 ], [ 29.2588858, 40.9978692 ], [ 29.2586898, 40.9976619 ], [ 29.2586323, 40.9975771 ], [ 29.2585461, 40.9975046 ], [ 29.2584692, 40.9974076 ], [ 29.2583417, 40.9971991 ], [ 29.2582798, 40.9970662 ], [ 29.2582534, 40.9969711 ], [ 29.2582633, 40.996864 ], [ 29.2582005, 40.996374 ], [ 29.2581346, 40.9960413 ], [ 29.2580039, 40.9956561 ], [ 29.2579287, 40.9953499 ], [ 29.2579448, 40.9952987 ], [ 29.2578443, 40.994694 ], [ 29.257812, 40.9945373 ], [ 29.2576473, 40.9943177 ], [ 29.2572886, 40.9936377 ], [ 29.2572105, 40.9935578 ], [ 29.2568382, 40.993212 ], [ 29.2566403, 40.9928109 ], [ 29.2545267, 40.990334 ], [ 29.2543963, 40.9898895 ], [ 29.2543981, 40.9897251 ], [ 29.25447, 40.9895983 ], [ 29.2546068, 40.98948 ], [ 29.2547598, 40.9893783 ], [ 29.2548043, 40.9892759 ], [ 29.2548336, 40.989083 ], [ 29.2548474, 40.9888243 ], [ 29.2548392, 40.988586 ], [ 29.2548029, 40.9884379 ], [ 29.2547019, 40.9882648 ], [ 29.2545147, 40.9880335 ], [ 29.2544406, 40.9878769 ], [ 29.2544152, 40.9877206 ], [ 29.2544416, 40.98731 ], [ 29.2544578, 40.9868337 ], [ 29.2544786, 40.9864312 ], [ 29.2544702, 40.9862135 ], [ 29.2544502, 40.9860572 ], [ 29.2544697, 40.9857739 ], [ 29.2543725, 40.985268 ], [ 29.25335, 40.9825139 ], [ 29.2530121, 40.9815835 ], [ 29.252642, 40.9808415 ], [ 29.2523145, 40.9803073 ], [ 29.2519884, 40.9798919 ], [ 29.2518076, 40.9795785 ], [ 29.2517507, 40.9793399 ], [ 29.2517889, 40.9788431 ], [ 29.2518243, 40.9785886 ], [ 29.2520212, 40.9783604 ], [ 29.252032, 40.9771367 ], [ 29.251971, 40.97706 ], [ 29.251954, 40.9769566 ], [ 29.252024, 40.9767918 ], [ 29.2520717, 40.9765959 ], [ 29.2519743, 40.9763681 ], [ 29.2517433, 40.975927 ], [ 29.2515595, 40.9757743 ], [ 29.2504167, 40.9742366 ], [ 29.2501436, 40.9738692 ], [ 29.2489943, 40.972728 ], [ 29.2487877, 40.9727526 ], [ 29.2486407, 40.9727216 ], [ 29.2484084, 40.9727037 ], [ 29.2481509, 40.9726115 ], [ 29.2479618, 40.9723826 ], [ 29.2477632, 40.9721423 ], [ 29.2471919, 40.9717396 ], [ 29.2467682, 40.9714343 ], [ 29.2466782, 40.9713139 ], [ 29.2466637, 40.9712061 ], [ 29.2466602, 40.9711283 ], [ 29.2465748, 40.9710261 ], [ 29.2463668, 40.9708182 ], [ 29.2462148, 40.9706918 ], [ 29.2461146, 40.9706439 ], [ 29.2457037, 40.9705253 ], [ 29.2455264, 40.9703795 ], [ 29.2454651, 40.970021 ], [ 29.2451643, 40.969496 ], [ 29.2450503, 40.9693363 ], [ 29.2449499, 40.9691547 ], [ 29.2447988, 40.9683751 ], [ 29.2448009, 40.9680216 ], [ 29.2447622, 40.9679318 ], [ 29.2447211, 40.967708 ], [ 29.2448453, 40.9671269 ], [ 29.244892, 40.9669435 ], [ 29.2449698, 40.9666194 ], [ 29.2450617, 40.9660404 ], [ 29.2451109, 40.9654827 ], [ 29.2453399, 40.9652534 ], [ 29.2453908, 40.9650113 ], [ 29.2453395, 40.9648785 ], [ 29.2459514, 40.9643625 ], [ 29.2466814, 40.9639253 ], [ 29.2468604, 40.9636225 ], [ 29.2471588, 40.9629343 ], [ 29.2471816, 40.9627378 ], [ 29.2471533, 40.9626163 ], [ 29.2470278, 40.962334 ], [ 29.2469873, 40.9622007 ], [ 29.2469918, 40.9620778 ], [ 29.2470479, 40.9618672 ], [ 29.2471719, 40.9617493 ], [ 29.2482803, 40.9611223 ], [ 29.2478229, 40.9607591 ], [ 29.2477321, 40.9603952 ], [ 29.2476418, 40.9598349 ], [ 29.2478711, 40.9591002 ], [ 29.248293, 40.9587392 ], [ 29.2486594, 40.9585661 ], [ 29.248862, 40.9584173 ], [ 29.2489939, 40.9581675 ], [ 29.2491251, 40.9581154 ], [ 29.2491829, 40.9579711 ], [ 29.2491273, 40.957733 ], [ 29.2491093, 40.9572203 ], [ 29.2495131, 40.9558365 ], [ 29.2496219, 40.9557222 ], [ 29.2497287, 40.9555594 ], [ 29.2497883, 40.9554107 ], [ 29.2496861, 40.955272 ], [ 29.2495796, 40.9540203 ], [ 29.2494423, 40.9539274 ], [ 29.2495023, 40.9538079 ], [ 29.2494437, 40.953594 ], [ 29.2493422, 40.9534449 ], [ 29.2491051, 40.9530987 ], [ 29.2491142, 40.9527265 ], [ 29.2493673, 40.9524083 ], [ 29.2464301, 40.951948 ], [ 29.2466067, 40.9514476 ], [ 29.2465976, 40.9512968 ], [ 29.2463584, 40.9512545 ], [ 29.245962, 40.9511476 ], [ 29.245509, 40.9509659 ], [ 29.245325, 40.9508162 ], [ 29.2450277, 40.9507627 ], [ 29.2443057, 40.9505916 ], [ 29.2434846, 40.9502174 ], [ 29.2428759, 40.9499929 ], [ 29.2425078, 40.9498646 ], [ 29.2420831, 40.9498325 ], [ 29.2418424, 40.9498539 ], [ 29.241531, 40.9498218 ], [ 29.2411487, 40.9498218 ], [ 29.2407099, 40.9497255 ], [ 29.2399029, 40.9497576 ], [ 29.2392376, 40.9498325 ], [ 29.2389969, 40.9499608 ], [ 29.2387704, 40.950057 ], [ 29.2385439, 40.9500463 ], [ 29.2383457, 40.9499715 ], [ 29.2381758, 40.949918 ], [ 29.2378927, 40.9499608 ], [ 29.2375954, 40.9499394 ], [ 29.2371848, 40.9498966 ], [ 29.2368734, 40.9498966 ], [ 29.2364911, 40.9498752 ], [ 29.2362222, 40.9498325 ], [ 29.235939, 40.9498646 ], [ 29.2356134, 40.9499073 ], [ 29.2354152, 40.9498859 ], [ 29.2352453, 40.9498325 ], [ 29.2349481, 40.9497042 ], [ 29.2347074, 40.9496507 ], [ 29.2346366, 40.9495759 ], [ 29.234495, 40.9495117 ], [ 29.2343393, 40.9494689 ], [ 29.2342119, 40.9494475 ], [ 29.2339571, 40.9494475 ], [ 29.2338438, 40.9493941 ], [ 29.2336456, 40.9492979 ], [ 29.2334899, 40.9492658 ], [ 29.2331926, 40.9492123 ], [ 29.2328812, 40.9492979 ], [ 29.2327113, 40.9493299 ], [ 29.2325839, 40.9492551 ], [ 29.2324706, 40.9491588 ], [ 29.2320742, 40.9491375 ], [ 29.2320034, 40.9492444 ], [ 29.2318194, 40.9494262 ], [ 29.2317203, 40.9495759 ], [ 29.2315929, 40.9496507 ], [ 29.2314655, 40.9497042 ], [ 29.2312673, 40.9497897 ], [ 29.2310691, 40.9498539 ], [ 29.2308426, 40.9498111 ], [ 29.2306869, 40.9497149 ], [ 29.2305595, 40.9496079 ], [ 29.2304604, 40.9494796 ], [ 29.2303188, 40.9494262 ], [ 29.2301206, 40.9493085 ], [ 29.2299405, 40.9492832 ], [ 29.2297436, 40.94932 ], [ 29.2295876, 40.9494207 ], [ 29.2293423, 40.9494274 ], [ 29.2287462, 40.949436 ], [ 29.2289305, 40.9500738 ], [ 29.2289581, 40.950332 ], [ 29.2289208, 40.9504888 ], [ 29.2287525, 40.9508839 ], [ 29.2281991, 40.9516983 ], [ 29.2279877, 40.9519071 ], [ 29.2277926, 40.952079 ], [ 29.2276137, 40.9521527 ], [ 29.2274673, 40.9523124 ], [ 29.2273535, 40.9524229 ], [ 29.2271258, 40.9524843 ], [ 29.2268006, 40.952558 ], [ 29.2266055, 40.9525949 ], [ 29.2263941, 40.9527914 ], [ 29.2260688, 40.9529019 ], [ 29.2259062, 40.9529633 ], [ 29.2256948, 40.9529633 ], [ 29.2255159, 40.9529142 ], [ 29.2252557, 40.9529265 ], [ 29.2250931, 40.9528282 ], [ 29.2249142, 40.9528037 ], [ 29.224654, 40.9527668 ], [ 29.2243451, 40.9526808 ], [ 29.2241011, 40.9525703 ], [ 29.2238247, 40.9523861 ], [ 29.223597, 40.9522141 ], [ 29.2233043, 40.952079 ], [ 29.2229303, 40.9520299 ], [ 29.2225237, 40.9519931 ], [ 29.2211252, 40.9518211 ], [ 29.2208626, 40.9513497 ], [ 29.2205723, 40.9508829 ], [ 29.2197532, 40.9497736 ], [ 29.2180041, 40.9478277 ], [ 29.2162998, 40.9460384 ], [ 29.2158613, 40.9468326 ], [ 29.2157278, 40.9471173 ], [ 29.215659, 40.9473857 ], [ 29.2156181, 40.9476657 ], [ 29.2155265, 40.9487932 ], [ 29.215454, 40.9495569 ], [ 29.2153051, 40.9515187 ], [ 29.2152485, 40.9517775 ], [ 29.2151922, 40.9520036 ], [ 29.2150833, 40.9521993 ], [ 29.2146191, 40.9529228 ], [ 29.2145618, 40.9531286 ], [ 29.2142943, 40.9534845 ], [ 29.213974, 40.9536232 ], [ 29.2131546, 40.9547833 ], [ 29.2126196, 40.9555851 ], [ 29.2121781, 40.9559838 ], [ 29.2112323, 40.9565461 ], [ 29.2110521, 40.9567523 ], [ 29.2108904, 40.957029 ], [ 29.2102586, 40.9582217 ], [ 29.2099861, 40.9586713 ], [ 29.2097182, 40.9589234 ], [ 29.2093118, 40.9591996 ], [ 29.208509, 40.9596523 ], [ 29.2080283, 40.9598477 ], [ 29.2074154, 40.9600667 ], [ 29.2072512, 40.9602133 ], [ 29.2071944, 40.9603211 ], [ 29.2071634, 40.9604586 ], [ 29.2070889, 40.9606216 ], [ 29.2070892, 40.9607493 ], [ 29.2069683, 40.9609341 ], [ 29.2072032, 40.9616562 ], [ 29.2072563, 40.9619257 ], [ 29.2074116, 40.9623519 ], [ 29.2076462, 40.9629381 ], [ 29.2078255, 40.9632687 ], [ 29.2079282, 40.9634052 ], [ 29.2080842, 40.9639377 ], [ 29.2084488, 40.964334 ], [ 29.2086496, 40.9646657 ], [ 29.2087521, 40.9649087 ], [ 29.2088172, 40.9652293 ], [ 29.2091622, 40.9658564 ], [ 29.2094179, 40.9660411 ], [ 29.2096813, 40.9665158 ], [ 29.2092686, 40.9666308 ], [ 29.2096034, 40.9669814 ], [ 29.2097612, 40.9673084 ], [ 29.2097678, 40.967552 ], [ 29.209974, 40.9678998 ], [ 29.2102833, 40.9683429 ], [ 29.2103316, 40.9685463 ], [ 29.2107265, 40.969175 ], [ 29.2115068, 40.9699286 ], [ 29.2117155, 40.9698514 ], [ 29.2118615, 40.9699099 ], [ 29.2121285, 40.9701609 ], [ 29.2124561, 40.9706733 ], [ 29.2127475, 40.9716727 ], [ 29.2133474, 40.9717078 ], [ 29.213489, 40.972785 ], [ 29.2134403, 40.9731289 ], [ 29.2134739, 40.9733198 ], [ 29.2136023, 40.9734314 ], [ 29.2134412, 40.973812 ], [ 29.2134587, 40.9738871 ], [ 29.2134974, 40.973952 ], [ 29.214046, 40.9741909 ], [ 29.2133189, 40.9749866 ], [ 29.2128492, 40.9754494 ], [ 29.2125882, 40.9756774 ], [ 29.2122764, 40.9759283 ], [ 29.2120027, 40.9757185 ], [ 29.2114341, 40.9754391 ], [ 29.2101949, 40.9750381 ], [ 29.2097658, 40.9749085 ], [ 29.2095298, 40.9747911 ], [ 29.2092776, 40.9746655 ], [ 29.2089397, 40.9744752 ], [ 29.2086071, 40.9742929 ], [ 29.2082906, 40.9741552 ], [ 29.2079794, 40.9741147 ], [ 29.2073196, 40.9740661 ], [ 29.2070568, 40.9740701 ], [ 29.2067671, 40.9740377 ], [ 29.2064398, 40.9739648 ], [ 29.206059, 40.9737866 ], [ 29.205662, 40.9736611 ], [ 29.2052489, 40.9736449 ], [ 29.2060965, 40.9751677 ], [ 29.2056942, 40.9755079 ], [ 29.2048144, 40.97616 ], [ 29.2042941, 40.9757469 ], [ 29.2040849, 40.9758724 ], [ 29.2032319, 40.9753905 ], [ 29.2031139, 40.9754958 ], [ 29.2030066, 40.9756537 ], [ 29.202894, 40.9758481 ], [ 29.2025936, 40.9761883 ], [ 29.2019767, 40.9757185 ], [ 29.2014402, 40.9753095 ], [ 29.2011344, 40.9751232 ], [ 29.2007965, 40.9749207 ], [ 29.2002064, 40.9746291 ], [ 29.1994033, 40.9743479 ], [ 29.1994339, 40.9751596 ], [ 29.199273, 40.9764205 ], [ 29.1992295, 40.9767222 ], [ 29.1990515, 40.977499 ], [ 29.1990755, 40.9777619 ], [ 29.1989757, 40.9779386 ], [ 29.1990507, 40.9785514 ], [ 29.1991995, 40.9791085 ], [ 29.1991514, 40.9797398 ], [ 29.1987628, 40.980421 ], [ 29.1985519, 40.9806785 ], [ 29.1982046, 40.9811367 ], [ 29.1979611, 40.9812459 ], [ 29.1981672, 40.9813667 ], [ 29.1985821, 40.9814369 ], [ 29.1988546, 40.9815909 ], [ 29.1990792, 40.9817964 ], [ 29.1994515, 40.9818395 ], [ 29.1998577, 40.9820526 ], [ 29.2002439, 40.981923 ], [ 29.2010379, 40.9819878 ], [ 29.2020249, 40.9822955 ], [ 29.2029261, 40.9827815 ], [ 29.2035055, 40.9831703 ], [ 29.202717, 40.983374 ], [ 29.2006644, 40.9841706 ], [ 29.1998665, 40.9845381 ], [ 29.1991111, 40.9849163 ], [ 29.1970249, 40.9862308 ], [ 29.1950866, 40.9876151 ], [ 29.193942, 40.9883304 ], [ 29.1926187, 40.9889727 ], [ 29.1933435, 40.9895923 ], [ 29.1932091, 40.9902035 ], [ 29.1927911, 40.9924674 ], [ 29.1912982, 40.992665 ], [ 29.1913809, 40.9930421 ], [ 29.1915181, 40.9935063 ], [ 29.1928231, 40.9956181 ], [ 29.1930684, 40.9961907 ], [ 29.1929421, 40.9967049 ], [ 29.1923934, 40.9979017 ], [ 29.1922318, 40.9981678 ], [ 29.1921037, 40.9984732 ], [ 29.1921368, 40.9989578 ], [ 29.1919489, 40.9992285 ], [ 29.1916587, 40.9995057 ], [ 29.1912345, 41.0005421 ], [ 29.1909978, 41.0012701 ], [ 29.1906707, 41.001863 ], [ 29.190413, 41.0023302 ], [ 29.1902884, 41.0025955 ], [ 29.1899438, 41.0035314 ], [ 29.189997, 41.0037966 ], [ 29.1897961, 41.0046327 ], [ 29.1896183, 41.0050996 ], [ 29.1894103, 41.0059354 ], [ 29.18777, 41.0067124 ], [ 29.1877713, 41.0074443 ], [ 29.1863042, 41.007504 ] ] ] } },
{ "type": "Feature", "properties": { "element": "relation", "id": 1276035, "name": "Paşaköy Mahallesi" }, "geometry": { "type": "Polygon", "coordinates": [ [ [ 29.262111, 41.0047937 ], [ 29.2624577, 41.0051054 ], [ 29.2636916, 41.0061761 ], [ 29.2640966, 41.0065891 ], [ 29.2652446, 41.0080079 ], [ 29.2657394, 41.0086264 ], [ 29.2659958, 41.0089126 ], [ 29.2663296, 41.0091404 ], [ 29.266842, 41.0093595 ], [ 29.267503, 41.0095684 ], [ 29.2699814, 41.0104023 ], [ 29.2722022, 41.0113333 ], [ 29.2736942, 41.0120089 ], [ 29.2731297, 41.0128224 ], [ 29.2728943, 41.0138506 ], [ 29.2727923, 41.0143611 ], [ 29.2723662, 41.0162163 ], [ 29.2720894, 41.017785 ], [ 29.2719437, 41.0188518 ], [ 29.2718745, 41.0197698 ], [ 29.2717271, 41.0211279 ], [ 29.2713936, 41.0228018 ], [ 29.2713547, 41.0233463 ], [ 29.2714094, 41.0237569 ], [ 29.2715309, 41.0241701 ], [ 29.2716585, 41.0243984 ], [ 29.2721701, 41.0251837 ], [ 29.2735488, 41.0273539 ], [ 29.2737611, 41.0278575 ], [ 29.2737991, 41.0281923 ], [ 29.2738138, 41.0282979 ], [ 29.2738334, 41.0284393 ], [ 29.2738251, 41.0291617 ], [ 29.2735, 41.0299896 ], [ 29.2732152, 41.0306416 ], [ 29.2730918, 41.0310938 ], [ 29.2731211, 41.0315755 ], [ 29.2731583, 41.031877 ], [ 29.2732412, 41.0321704 ], [ 29.2734699, 41.0326966 ], [ 29.2741662, 41.0338248 ], [ 29.2742214, 41.0339797 ], [ 29.2742546, 41.0341996 ], [ 29.2742316, 41.0344478 ], [ 29.274166, 41.0346186 ], [ 29.2740737, 41.0347853 ], [ 29.2738991, 41.0350196 ], [ 29.2736778, 41.0351879 ], [ 29.2731437, 41.0354729 ], [ 29.2727805, 41.0357058 ], [ 29.2724857, 41.0360348 ], [ 29.2722683, 41.0364328 ], [ 29.2727873, 41.0371592 ], [ 29.2730875, 41.0378424 ], [ 29.273245, 41.0383324 ], [ 29.2732893, 41.0391195 ], [ 29.2733533, 41.0403223 ], [ 29.2735108, 41.0410128 ], [ 29.2744952, 41.0423455 ], [ 29.2771096, 41.0432662 ], [ 29.2785533, 41.0437556 ], [ 29.2812109, 41.0447455 ], [ 29.2814968, 41.0448877 ], [ 29.2823149, 41.0456643 ], [ 29.2828403, 41.046276 ], [ 29.2831705, 41.0466795 ], [ 29.2833821, 41.0471275 ], [ 29.2836505, 41.0479897 ], [ 29.2838564, 41.0488475 ], [ 29.2841293, 41.0494982 ], [ 29.2844597, 41.0500915 ], [ 29.2848177, 41.0505088 ], [ 29.2852611, 41.0508862 ], [ 29.2856435, 41.0512145 ], [ 29.2861399, 41.0514845 ], [ 29.2866932, 41.0517024 ], [ 29.2902669, 41.0527344 ], [ 29.2926429, 41.0516411 ], [ 29.2948461, 41.0505546 ], [ 29.2954477, 41.0502281 ], [ 29.295909, 41.0499777 ], [ 29.2966242, 41.0492286 ], [ 29.297697, 41.048959 ], [ 29.300071, 41.0478353 ], [ 29.3014219, 41.0492286 ], [ 29.3025299, 41.0495171 ], [ 29.3043973, 41.0494805 ], [ 29.3057297, 41.0489863 ], [ 29.3058766, 41.0489318 ], [ 29.3065799, 41.0489501 ], [ 29.3069921, 41.0492062 ], [ 29.3088837, 41.0490964 ], [ 29.3099992, 41.0485844 ], [ 29.3120848, 41.0486392 ], [ 29.3136126, 41.0488221 ], [ 29.3144614, 41.049133 ], [ 29.3164015, 41.0496085 ], [ 29.3181961, 41.050212 ], [ 29.3190691, 41.0507241 ], [ 29.3196511, 41.0506327 ], [ 29.3204514, 41.0503584 ], [ 29.3212746, 41.0508068 ], [ 29.3213244, 41.0508339 ], [ 29.3220762, 41.0508521 ], [ 29.3230727, 41.0506023 ], [ 29.3230948, 41.0505961 ], [ 29.324089, 41.050651 ], [ 29.3264656, 41.0504132 ], [ 29.3283572, 41.0495537 ], [ 29.3287695, 41.0489136 ], [ 29.3298123, 41.0485112 ], [ 29.3307338, 41.0484929 ], [ 29.3316796, 41.0488953 ], [ 29.3362388, 41.0486941 ], [ 29.3371873, 41.04818 ], [ 29.3386396, 41.048054 ], [ 29.3399734, 41.0487672 ], [ 29.342037, 41.0486559 ], [ 29.3446716, 41.0479056 ], [ 29.3465712, 41.0479526 ], [ 29.3467099, 41.0473928 ], [ 29.3482907, 41.0428624 ], [ 29.3480662, 41.0417507 ], [ 29.3485809, 41.0413682 ], [ 29.3488612, 41.0413219 ], [ 29.3501465, 41.0412655 ], [ 29.3516701, 41.0410912 ], [ 29.3539929, 41.0402164 ], [ 29.3557051, 41.0398447 ], [ 29.3603205, 41.0384623 ], [ 29.3592498, 41.0357691 ], [ 29.3595119, 41.0343444 ], [ 29.3609131, 41.0324736 ], [ 29.3643262, 41.0290568 ], [ 29.3643724, 41.0265401 ], [ 29.3611469, 41.0257519 ], [ 29.3585601, 41.0258291 ], [ 29.3555799, 41.0257346 ], [ 29.352725, 41.0238231 ], [ 29.3490474, 41.0217585 ], [ 29.3474802, 41.0203907 ], [ 29.34492, 41.0166672 ], [ 29.3425625, 41.0158953 ], [ 29.3358696, 41.0169638 ], [ 29.3291557, 41.017109 ], [ 29.3222222, 41.0166338 ], [ 29.3171728, 41.0168534 ], [ 29.3154446, 41.0170975 ], [ 29.3133439, 41.0163549 ], [ 29.3111191, 41.0160402 ], [ 29.3093219, 41.0155121 ], [ 29.3065261, 41.0157509 ], [ 29.3043117, 41.0154021 ], [ 29.3027387, 41.0154014 ], [ 29.3005875, 41.0156918 ], [ 29.2984345, 41.0158447 ], [ 29.2948815, 41.0151029 ], [ 29.2948795, 41.015101 ], [ 29.2943074, 41.0145703 ], [ 29.2934201, 41.0136167 ], [ 29.2933651, 41.0135714 ], [ 29.2941666, 41.0119157 ], [ 29.291974, 41.0105917 ], [ 29.2910594, 41.0083066 ], [ 29.290246, 41.0078193 ], [ 29.2886712, 41.0075226 ], [ 29.287747, 41.0063106 ], [ 29.2878045, 41.0059419 ], [ 29.286913, 41.0029994 ], [ 29.2867737, 41.0023896 ], [ 29.2833358, 41.0029557 ], [ 29.2826085, 41.0029699 ], [ 29.2808638, 41.0030038 ], [ 29.2759529, 41.0030285 ], [ 29.2710815, 41.0031807 ], [ 29.2694146, 41.0035315 ], [ 29.2657677, 41.0042989 ], [ 29.2630308, 41.0048748 ], [ 29.2624509, 41.0048762 ], [ 29.2622935, 41.004819 ], [ 29.262111, 41.0047937 ] ] ] } },
{ "type": "Feature", "properties": { "element": "relation", "id": 7666484, "name": "Necip Fazıl Mahallesi" }, "geometry": { "type": "Polygon", "coordinates": [ [ [ 29.250623, 40.9421012 ], [ 29.2689654, 40.9433777 ], [ 29.2699145, 40.943553 ], [ 29.2705041, 40.9436743 ], [ 29.270583, 40.9437062 ], [ 29.270803, 40.9437089 ], [ 29.2710652, 40.9437207 ], [ 29.27123, 40.9437148 ], [ 29.2719128, 40.9437123 ], [ 29.2726667, 40.9438222 ], [ 29.2732421, 40.9439573 ], [ 29.2733571, 40.9439669 ], [ 29.2737989, 40.9440752 ], [ 29.2742039, 40.9441049 ], [ 29.2742931, 40.9440738 ], [ 29.27441, 40.9440448 ], [ 29.2746125, 40.9440164 ], [ 29.2748393, 40.9440045 ], [ 29.2753251, 40.944008 ], [ 29.2759787, 40.9440261 ], [ 29.2764434, 40.9439432 ], [ 29.2768368, 40.9438285 ], [ 29.2774157, 40.9438504 ], [ 29.2781234, 40.943918 ], [ 29.2783142, 40.9439425 ], [ 29.2787857, 40.9440422 ], [ 29.2793912, 40.9441592 ], [ 29.2797851, 40.9442294 ], [ 29.2801389, 40.9442668 ], [ 29.2805482, 40.9443308 ], [ 29.2807801, 40.9443881 ], [ 29.281088, 40.9444814 ], [ 29.2812008, 40.9445107 ], [ 29.2814929, 40.9445952 ], [ 29.2815946, 40.944676 ], [ 29.2822371, 40.94488 ], [ 29.2826434, 40.9449796 ], [ 29.2832062, 40.9451019 ], [ 29.2835743, 40.9452226 ], [ 29.2842085, 40.9454579 ], [ 29.284327, 40.9452533 ], [ 29.2844378, 40.9450234 ], [ 29.2844084, 40.9449071 ], [ 29.2843151, 40.9448508 ], [ 29.284255, 40.9447389 ], [ 29.2842053, 40.9445698 ], [ 29.2842372, 40.9439094 ], [ 29.2842532, 40.9438318 ], [ 29.284347, 40.9435835 ], [ 29.2844357, 40.9434445 ], [ 29.2845019, 40.9432926 ], [ 29.2847717, 40.9428203 ], [ 29.2848735, 40.9426058 ], [ 29.2850236, 40.94219 ], [ 29.2851099, 40.9417961 ], [ 29.2851278, 40.9416706 ], [ 29.2851373, 40.9413566 ], [ 29.2850717, 40.9409397 ], [ 29.2848642, 40.9403016 ], [ 29.284759, 40.9400349 ], [ 29.28467, 40.9398503 ], [ 29.2844613, 40.9394864 ], [ 29.2840865, 40.9389562 ], [ 29.2840222, 40.9388883 ], [ 29.2839671, 40.938797 ], [ 29.2838159, 40.9384943 ], [ 29.2836835, 40.938104 ], [ 29.2836021, 40.938031 ], [ 29.2835552, 40.9380062 ], [ 29.2835138, 40.9379733 ], [ 29.2835031, 40.9379516 ], [ 29.283527, 40.9378439 ], [ 29.2836231, 40.9375554 ], [ 29.2839151, 40.9366951 ], [ 29.2840504, 40.9363274 ], [ 29.2840915, 40.9362379 ], [ 29.2843902, 40.9355499 ], [ 29.2834378, 40.9352536 ], [ 29.2829437, 40.9350999 ], [ 29.2817228, 40.9348322 ], [ 29.28027, 40.9346357 ], [ 29.2797553, 40.934283 ], [ 29.2793885, 40.9336674 ], [ 29.2791886, 40.9334121 ], [ 29.2790092, 40.9332313 ], [ 29.2786854, 40.9329866 ], [ 29.2781275, 40.9327282 ], [ 29.2779169, 40.9326307 ], [ 29.2770119, 40.9324632 ], [ 29.2749109, 40.9322072 ], [ 29.2746214, 40.9321375 ], [ 29.2745173, 40.9321028 ], [ 29.274377, 40.9320501 ], [ 29.2739926, 40.931894 ], [ 29.2735697, 40.9317408 ], [ 29.2576706, 40.9321385 ], [ 29.2568134, 40.9321766 ], [ 29.2565716, 40.9321587 ], [ 29.2560121, 40.9320725 ], [ 29.2551653, 40.9320913 ], [ 29.2545412, 40.9326064 ], [ 29.2541831, 40.9329801 ], [ 29.2539361, 40.9333418 ], [ 29.2537847, 40.9335108 ], [ 29.253501, 40.9337727 ], [ 29.2527125, 40.9344927 ], [ 29.2524565, 40.9346507 ], [ 29.2522777, 40.9348136 ], [ 29.2520987, 40.9356393 ], [ 29.2520699, 40.9361614 ], [ 29.2519, 40.9377313 ], [ 29.2519167, 40.9387021 ], [ 29.2520862, 40.9389121 ], [ 29.2523114, 40.9391318 ], [ 29.2522517, 40.939213 ], [ 29.2521342, 40.9392406 ], [ 29.2518939, 40.9392766 ], [ 29.2516658, 40.9395296 ], [ 29.2507161, 40.9404571 ], [ 29.2504902, 40.9408625 ], [ 29.2504194, 40.9411578 ], [ 29.2504299, 40.9414353 ], [ 29.2505107, 40.9417854 ], [ 29.250623, 40.9421012 ] ] ] } },
{ "type": "Feature", "properties": { "element": "relation", "id": 7666485, "name": "Orhangazi Mahallesi" }, "geometry": { "type": "Polygon", "coordinates": [ [ [ 29.2835697, 40.9480977 ], [ 29.283809, 40.9480145 ], [ 29.2845022, 40.9477524 ], [ 29.2846228, 40.9477197 ], [ 29.284772, 40.9477012 ], [ 29.2850548, 40.9476886 ], [ 29.2855823, 40.9476862 ], [ 29.2868853, 40.94757 ], [ 29.2878072, 40.9475102 ], [ 29.2883581, 40.9474963 ], [ 29.288533, 40.9474841 ], [ 29.2889035, 40.947424 ], [ 29.289299, 40.9473364 ], [ 29.2896009, 40.94728 ], [ 29.2899558, 40.9472658 ], [ 29.2901731, 40.9472463 ], [ 29.2907543, 40.9472652 ], [ 29.2908793, 40.9472818 ], [ 29.2910599, 40.9472637 ], [ 29.291328, 40.9471986 ], [ 29.2915964, 40.9470847 ], [ 29.291769, 40.9469709 ], [ 29.2937336, 40.946079 ], [ 29.2944204, 40.9456879 ], [ 29.2947806, 40.9454895 ], [ 29.2951541, 40.9452385 ], [ 29.2953328, 40.9450931 ], [ 29.2954916, 40.9449483 ], [ 29.2956703, 40.9447977 ], [ 29.2958278, 40.9446789 ], [ 29.295962, 40.9446282 ], [ 29.2962789, 40.9444997 ], [ 29.2964357, 40.9444383 ], [ 29.2968307, 40.9442501 ], [ 29.2967912, 40.9441613 ], [ 29.2967305, 40.9440673 ], [ 29.2965857, 40.9438647 ], [ 29.296474, 40.9437488 ], [ 29.2963258, 40.9436116 ], [ 29.2961273, 40.9434523 ], [ 29.2960811, 40.9434277 ], [ 29.2960547, 40.9434071 ], [ 29.2960384, 40.94338 ], [ 29.2958835, 40.9433156 ], [ 29.2956132, 40.9431899 ], [ 29.2953772, 40.9430457 ], [ 29.2951552, 40.9428262 ], [ 29.2949869, 40.942594 ], [ 29.2948684, 40.9424201 ], [ 29.2948241, 40.9423115 ], [ 29.2947975, 40.9421325 ], [ 29.2947837, 40.9419449 ], [ 29.2947988, 40.9416563 ], [ 29.2948201, 40.9416015 ], [ 29.2948672, 40.9415495 ], [ 29.2949097, 40.9414854 ], [ 29.2949238, 40.9414169 ], [ 29.2949199, 40.9413376 ], [ 29.2948649, 40.9409177 ], [ 29.2947556, 40.9402574 ], [ 29.2947358, 40.9400781 ], [ 29.2949819, 40.9395441 ], [ 29.2950319, 40.9394161 ], [ 29.2954998, 40.9384503 ], [ 29.2956735, 40.9382302 ], [ 29.2929322, 40.9375345 ], [ 29.2883658, 40.9363035 ], [ 29.2858008, 40.9358217 ], [ 29.2843902, 40.9355499 ], [ 29.2840915, 40.9362379 ], [ 29.2840504, 40.9363274 ], [ 29.2839151, 40.9366951 ], [ 29.2836231, 40.9375554 ], [ 29.283527, 40.9378439 ], [ 29.2835031, 40.9379516 ], [ 29.2835138, 40.9379733 ], [ 29.2835552, 40.9380062 ], [ 29.2836021, 40.938031 ], [ 29.2836835, 40.938104 ], [ 29.2838159, 40.9384943 ], [ 29.2839671, 40.938797 ], [ 29.2840222, 40.9388883 ], [ 29.2840865, 40.9389562 ], [ 29.2844613, 40.9394864 ], [ 29.28467, 40.9398503 ], [ 29.284759, 40.9400349 ], [ 29.2848642, 40.9403016 ], [ 29.2850717, 40.9409397 ], [ 29.2851373, 40.9413566 ], [ 29.2851278, 40.9416706 ], [ 29.2851099, 40.9417961 ], [ 29.2850236, 40.94219 ], [ 29.2848735, 40.9426058 ], [ 29.2847717, 40.9428203 ], [ 29.2845019, 40.9432926 ], [ 29.2844357, 40.9434445 ], [ 29.284347, 40.9435835 ], [ 29.2842532, 40.9438318 ], [ 29.2842372, 40.9439094 ], [ 29.2842053, 40.9445698 ], [ 29.284255, 40.9447389 ], [ 29.2843151, 40.9448508 ], [ 29.2844084, 40.9449071 ], [ 29.2844378, 40.9450234 ], [ 29.284327, 40.9452533 ], [ 29.2842085, 40.9454579 ], [ 29.2841589, 40.9457125 ], [ 29.2840548, 40.946118 ], [ 29.2839925, 40.9470189 ], [ 29.2839527, 40.9472445 ], [ 29.2838475, 40.9474941 ], [ 29.2837869, 40.9475859 ], [ 29.2835697, 40.9480977 ] ] ] } },
{ "type": "Feature", "properties": { "element": "relation", "id": 7666486, "name": "Yavuz Selim Mahallesi" }, "geometry": { "type": "Polygon", "coordinates": [ [ [ 29.2498894, 40.9465262 ], [ 29.2603804, 40.9459198 ], [ 29.2665881, 40.9481667 ], [ 29.2665759, 40.9481973 ], [ 29.2665278, 40.9482645 ], [ 29.2664864, 40.9483888 ], [ 29.2666911, 40.9484013 ], [ 29.2670967, 40.9484375 ], [ 29.2675598, 40.9484866 ], [ 29.2676162, 40.9484998 ], [ 29.2679449, 40.9486162 ], [ 29.2692344, 40.9489366 ], [ 29.2703265, 40.9490643 ], [ 29.2713411, 40.9493356 ], [ 29.2725501, 40.9499248 ], [ 29.2731531, 40.9499785 ], [ 29.2733942, 40.9500452 ], [ 29.2737647, 40.9500267 ], [ 29.2747265, 40.9508195 ], [ 29.2754715, 40.9514402 ], [ 29.2766918, 40.9523518 ], [ 29.2775411, 40.9531632 ], [ 29.2786988, 40.9542587 ], [ 29.2793753, 40.9550269 ], [ 29.2800534, 40.9546779 ], [ 29.2799391, 40.9543637 ], [ 29.2798712, 40.9541359 ], [ 29.2798408, 40.9539732 ], [ 29.2798333, 40.9538086 ], [ 29.2798601, 40.9536627 ], [ 29.2799547, 40.9534347 ], [ 29.2801246, 40.9532135 ], [ 29.280356, 40.9529296 ], [ 29.2803997, 40.9528368 ], [ 29.280659, 40.9525242 ], [ 29.2810182, 40.9522186 ], [ 29.2811531, 40.9521134 ], [ 29.2813518, 40.9519718 ], [ 29.2816109, 40.951756 ], [ 29.2818803, 40.9515858 ], [ 29.2822401, 40.9514049 ], [ 29.282434, 40.9513288 ], [ 29.282239, 40.951159 ], [ 29.2820584, 40.9509876 ], [ 29.2820364, 40.9509492 ], [ 29.282041, 40.9507982 ], [ 29.2821215, 40.9505564 ], [ 29.2822095, 40.950379 ], [ 29.2824929, 40.9499551 ], [ 29.2828577, 40.9494975 ], [ 29.2830078, 40.9492496 ], [ 29.2830903, 40.9491086 ], [ 29.2832241, 40.9488043 ], [ 29.2835331, 40.9481592 ], [ 29.2835697, 40.9480977 ], [ 29.2837869, 40.9475859 ], [ 29.2838475, 40.9474941 ], [ 29.2839527, 40.9472445 ], [ 29.2839925, 40.9470189 ], [ 29.2840548, 40.946118 ], [ 29.2841589, 40.9457125 ], [ 29.2842085, 40.9454579 ], [ 29.2835743, 40.9452226 ], [ 29.2832062, 40.9451019 ], [ 29.2826434, 40.9449796 ], [ 29.2822371, 40.94488 ], [ 29.2815946, 40.944676 ], [ 29.2814929, 40.9445952 ], [ 29.2812008, 40.9445107 ], [ 29.281088, 40.9444814 ], [ 29.2807801, 40.9443881 ], [ 29.2805482, 40.9443308 ], [ 29.2801389, 40.9442668 ], [ 29.2797851, 40.9442294 ], [ 29.2793912, 40.9441592 ], [ 29.2787857, 40.9440422 ], [ 29.2783142, 40.9439425 ], [ 29.2781234, 40.943918 ], [ 29.2774157, 40.9438504 ], [ 29.2768368, 40.9438285 ], [ 29.2764434, 40.9439432 ], [ 29.2759787, 40.9440261 ], [ 29.2753251, 40.944008 ], [ 29.2748393, 40.9440045 ], [ 29.2746125, 40.9440164 ], [ 29.27441, 40.9440448 ], [ 29.2742931, 40.9440738 ], [ 29.2742039, 40.9441049 ], [ 29.2737989, 40.9440752 ], [ 29.2733571, 40.9439669 ], [ 29.2732421, 40.9439573 ], [ 29.2726667, 40.9438222 ], [ 29.2719128, 40.9437123 ], [ 29.27123, 40.9437148 ], [ 29.2710652, 40.9437207 ], [ 29.270803, 40.9437089 ], [ 29.270583, 40.9437062 ], [ 29.2705041, 40.9436743 ], [ 29.2699145, 40.943553 ], [ 29.2689654, 40.9433777 ], [ 29.250623, 40.9421012 ], [ 29.2502596, 40.9425258 ], [ 29.2501916, 40.9427927 ], [ 29.2501615, 40.9430232 ], [ 29.2502921, 40.9434378 ], [ 29.2505755, 40.9444033 ], [ 29.2502256, 40.9446688 ], [ 29.24992, 40.9457693 ], [ 29.2498955, 40.9463688 ], [ 29.2498894, 40.9465262 ] ] ] } },
{ "type": "Feature", "properties": { "element": "relation", "id": 7666487, "name": "Fatih Mahallesi" }, "geometry": { "type": "Polygon", "coordinates": [ [ [ 29.2481047, 40.9487259 ], [ 29.256823, 40.9490347 ], [ 29.2637278, 40.9494044 ], [ 29.2647578, 40.9504416 ], [ 29.2651226, 40.9505874 ], [ 29.2657061, 40.950665 ], [ 29.2659419, 40.9507069 ], [ 29.2661994, 40.9507773 ], [ 29.2660115, 40.9512693 ], [ 29.2661112, 40.9513285 ], [ 29.2664179, 40.9512817 ], [ 29.2664342, 40.9513508 ], [ 29.2663123, 40.9516542 ], [ 29.2668366, 40.9515115 ], [ 29.2671787, 40.9514073 ], [ 29.2672166, 40.9513957 ], [ 29.2675052, 40.9516811 ], [ 29.2678484, 40.9520489 ], [ 29.2678889, 40.9521346 ], [ 29.2680319, 40.9523396 ], [ 29.2681143, 40.9523527 ], [ 29.2681866, 40.9523694 ], [ 29.2682847, 40.9525271 ], [ 29.2683661, 40.9526753 ], [ 29.2684447, 40.9528513 ], [ 29.2685218, 40.9529956 ], [ 29.2686394, 40.9530051 ], [ 29.2690175, 40.9529898 ], [ 29.2690274, 40.9530217 ], [ 29.2690716, 40.9531029 ], [ 29.2691394, 40.9531912 ], [ 29.2692771, 40.9533476 ], [ 29.2693879, 40.953457 ], [ 29.2696477, 40.9536967 ], [ 29.2698213, 40.9538651 ], [ 29.2700782, 40.9541028 ], [ 29.2703309, 40.954363 ], [ 29.2705531, 40.9545673 ], [ 29.2708198, 40.9548466 ], [ 29.2709766, 40.9550451 ], [ 29.2710644, 40.9551724 ], [ 29.2712701, 40.9554956 ], [ 29.2713453, 40.9557488 ], [ 29.2713567, 40.9558259 ], [ 29.2713521, 40.9559713 ], [ 29.2713423, 40.9560218 ], [ 29.2715666, 40.9561205 ], [ 29.271827, 40.9562151 ], [ 29.2718913, 40.9563254 ], [ 29.2719395, 40.9565118 ], [ 29.2719971, 40.9568028 ], [ 29.2720957, 40.9573803 ], [ 29.2721814, 40.9577611 ], [ 29.2721991, 40.9578764 ], [ 29.2722348, 40.9581918 ], [ 29.272068, 40.9585505 ], [ 29.2720589, 40.9586346 ], [ 29.2720813, 40.9587175 ], [ 29.2723802, 40.9592005 ], [ 29.2724728, 40.9592429 ], [ 29.2725308, 40.9593301 ], [ 29.272707, 40.9596578 ], [ 29.272732, 40.9597195 ], [ 29.2727278, 40.959817 ], [ 29.2727571, 40.9598739 ], [ 29.2730794, 40.9603513 ], [ 29.2732272, 40.9605534 ], [ 29.2733201, 40.9606409 ], [ 29.2739071, 40.961299 ], [ 29.2740601, 40.9614828 ], [ 29.2741332, 40.9614963 ], [ 29.2742625, 40.9614825 ], [ 29.2743891, 40.9614593 ], [ 29.2750313, 40.9626049 ], [ 29.2751191, 40.9627495 ], [ 29.2751466, 40.9628244 ], [ 29.2751536, 40.9628756 ], [ 29.2751417, 40.9629266 ], [ 29.2750657, 40.9630149 ], [ 29.2750329, 40.9630642 ], [ 29.2750303, 40.9631759 ], [ 29.2750601, 40.9632534 ], [ 29.2750713, 40.963321 ], [ 29.275125, 40.9634235 ], [ 29.2753281, 40.9637729 ], [ 29.2755183, 40.9639868 ], [ 29.2756954, 40.9641984 ], [ 29.2758884, 40.9640701 ], [ 29.2767751, 40.9634824 ], [ 29.2772012, 40.9632157 ], [ 29.2777464, 40.9628855 ], [ 29.2787372, 40.9623247 ], [ 29.2791881, 40.962082 ], [ 29.2796762, 40.9618199 ], [ 29.280527, 40.9614018 ], [ 29.2813775, 40.9610094 ], [ 29.2817176, 40.9608575 ], [ 29.2824545, 40.9605372 ], [ 29.2822558, 40.9602054 ], [ 29.2821424, 40.9600155 ], [ 29.2820171, 40.9597852 ], [ 29.2819238, 40.9595971 ], [ 29.281816, 40.959349 ], [ 29.2817135, 40.9590817 ], [ 29.2815955, 40.9587985 ], [ 29.2815596, 40.9587006 ], [ 29.2815228, 40.958652 ], [ 29.2814813, 40.958561 ], [ 29.2814279, 40.958464 ], [ 29.2812254, 40.9581716 ], [ 29.2811457, 40.9580084 ], [ 29.2809374, 40.9576893 ], [ 29.2806382, 40.9567985 ], [ 29.2797946, 40.9554632 ], [ 29.2793753, 40.9550269 ], [ 29.2786988, 40.9542587 ], [ 29.2775411, 40.9531632 ], [ 29.2766918, 40.9523518 ], [ 29.2754715, 40.9514402 ], [ 29.2747265, 40.9508195 ], [ 29.2737647, 40.9500267 ], [ 29.2733942, 40.9500452 ], [ 29.2731531, 40.9499785 ], [ 29.2725501, 40.9499248 ], [ 29.2713411, 40.9493356 ], [ 29.2703265, 40.9490643 ], [ 29.2692344, 40.9489366 ], [ 29.2679449, 40.9486162 ], [ 29.2676162, 40.9484998 ], [ 29.2675598, 40.9484866 ], [ 29.2670967, 40.9484375 ], [ 29.2666911, 40.9484013 ], [ 29.2664864, 40.9483888 ], [ 29.2665278, 40.9482645 ], [ 29.2665759, 40.9481973 ], [ 29.2665881, 40.9481667 ], [ 29.2603804, 40.9459198 ], [ 29.2498894, 40.9465262 ], [ 29.2496315, 40.9467177 ], [ 29.2493037, 40.9469952 ], [ 29.2488749, 40.947473 ], [ 29.2481047, 40.9487259 ] ] ] } },
{ "type": "Feature", "properties": { "element": "relation", "id": 7666488, "name": "Mehmet Akif Mahallesi" }, "geometry": { "type": "Polygon", "coordinates": [ [ [ 29.256823, 40.9490347 ], [ 29.2561505, 40.9533377 ], [ 29.2570228, 40.9550567 ], [ 29.2570485, 40.95508 ], [ 29.2571095, 40.9551532 ], [ 29.2572076, 40.9552512 ], [ 29.2573548, 40.955353 ], [ 29.2575024, 40.9554335 ], [ 29.2576498, 40.9554993 ], [ 29.2578057, 40.9555507 ], [ 29.2582682, 40.9556825 ], [ 29.2588257, 40.9558194 ], [ 29.2589934, 40.9558665 ], [ 29.2590723, 40.9559033 ], [ 29.2591651, 40.9559631 ], [ 29.2592974, 40.956033 ], [ 29.2594661, 40.9560979 ], [ 29.2599726, 40.9563286 ], [ 29.2604366, 40.9571472 ], [ 29.2605379, 40.9573922 ], [ 29.2605687, 40.9577367 ], [ 29.2606994, 40.9584249 ], [ 29.2607925, 40.9586847 ], [ 29.2608913, 40.9591309 ], [ 29.2612737, 40.9602352 ], [ 29.2614507, 40.9605767 ], [ 29.2615972, 40.9608593 ], [ 29.2616657, 40.9611389 ], [ 29.2618658, 40.9611273 ], [ 29.2619155, 40.9613903 ], [ 29.2619254, 40.9614765 ], [ 29.261934, 40.961651 ], [ 29.2619208, 40.9619741 ], [ 29.2619305, 40.9622035 ], [ 29.2619617, 40.9627021 ], [ 29.2620128, 40.9628704 ], [ 29.2620413, 40.962938 ], [ 29.2621192, 40.9630869 ], [ 29.2624213, 40.9634993 ], [ 29.2625121, 40.9636483 ], [ 29.2627868, 40.9642354 ], [ 29.2632365, 40.9651681 ], [ 29.2633963, 40.9655161 ], [ 29.2638019, 40.9664327 ], [ 29.2641561, 40.9671649 ], [ 29.2642309, 40.9673126 ], [ 29.2642579, 40.9673544 ], [ 29.2643617, 40.9676336 ], [ 29.2644377, 40.967931 ], [ 29.2641935, 40.9679881 ], [ 29.2642934, 40.9685063 ], [ 29.2642727, 40.9687301 ], [ 29.2643469, 40.9697868 ], [ 29.2644382, 40.9702186 ], [ 29.2646151, 40.9707742 ], [ 29.265413, 40.9705611 ], [ 29.2663191, 40.9702675 ], [ 29.2667836, 40.9700994 ], [ 29.2673616, 40.9698764 ], [ 29.2683935, 40.9694254 ], [ 29.2690006, 40.969117 ], [ 29.2700054, 40.9685589 ], [ 29.270494, 40.9682541 ], [ 29.2710342, 40.9678854 ], [ 29.2714208, 40.9676056 ], [ 29.2718134, 40.9673087 ], [ 29.2727814, 40.9665066 ], [ 29.2732314, 40.9661117 ], [ 29.2734868, 40.9658988 ], [ 29.2738578, 40.9655895 ], [ 29.2744268, 40.9651484 ], [ 29.2748494, 40.9648235 ], [ 29.2756954, 40.9641984 ], [ 29.2755183, 40.9639868 ], [ 29.2753281, 40.9637729 ], [ 29.275125, 40.9634235 ], [ 29.2750713, 40.963321 ], [ 29.2750601, 40.9632534 ], [ 29.2750303, 40.9631759 ], [ 29.2750329, 40.9630642 ], [ 29.2750657, 40.9630149 ], [ 29.2751417, 40.9629266 ], [ 29.2751536, 40.9628756 ], [ 29.2751466, 40.9628244 ], [ 29.2751191, 40.9627495 ], [ 29.2750313, 40.9626049 ], [ 29.2743891, 40.9614593 ], [ 29.2742625, 40.9614825 ], [ 29.2741332, 40.9614963 ], [ 29.2740601, 40.9614828 ], [ 29.2739071, 40.961299 ], [ 29.2733201, 40.9606409 ], [ 29.2732272, 40.9605534 ], [ 29.2730794, 40.9603513 ], [ 29.2727571, 40.9598739 ], [ 29.2727278, 40.959817 ], [ 29.272732, 40.9597195 ], [ 29.272707, 40.9596578 ], [ 29.2725308, 40.9593301 ], [ 29.2724728, 40.9592429 ], [ 29.2723802, 40.9592005 ], [ 29.2720813, 40.9587175 ], [ 29.2720589, 40.9586346 ], [ 29.272068, 40.9585505 ], [ 29.2722348, 40.9581918 ], [ 29.2721991, 40.9578764 ], [ 29.2721814, 40.9577611 ], [ 29.2720957, 40.9573803 ], [ 29.2719971, 40.9568028 ], [ 29.2719395, 40.9565118 ], [ 29.2718913, 40.9563254 ], [ 29.271827, 40.9562151 ], [ 29.2715666, 40.9561205 ], [ 29.2713423, 40.9560218 ], [ 29.2713521, 40.9559713 ], [ 29.2713567, 40.9558259 ], [ 29.2713453, 40.9557488 ], [ 29.2712701, 40.9554956 ], [ 29.2710644, 40.9551724 ], [ 29.2709766, 40.9550451 ], [ 29.2708198, 40.9548466 ], [ 29.2705531, 40.9545673 ], [ 29.2703309, 40.954363 ], [ 29.2700782, 40.9541028 ], [ 29.2698213, 40.9538651 ], [ 29.2696477, 40.9536967 ], [ 29.2693879, 40.953457 ], [ 29.2692771, 40.9533476 ], [ 29.2691394, 40.9531912 ], [ 29.2690716, 40.9531029 ], [ 29.2690274, 40.9530217 ], [ 29.2690175, 40.9529898 ], [ 29.2686394, 40.9530051 ], [ 29.2685218, 40.9529956 ], [ 29.2684447, 40.9528513 ], [ 29.2683661, 40.9526753 ], [ 29.2682847, 40.9525271 ], [ 29.2681866, 40.9523694 ], [ 29.2681143, 40.9523527 ], [ 29.2680319, 40.9523396 ], [ 29.2678889, 40.9521346 ], [ 29.2678484, 40.9520489 ], [ 29.2675052, 40.9516811 ], [ 29.2672166, 40.9513957 ], [ 29.2671787, 40.9514073 ], [ 29.2668366, 40.9515115 ], [ 29.2663123, 40.9516542 ], [ 29.2664342, 40.9513508 ], [ 29.2664179, 40.9512817 ], [ 29.2661112, 40.9513285 ], [ 29.2660115, 40.9512693 ], [ 29.2661994, 40.9507773 ], [ 29.2659419, 40.9507069 ], [ 29.2657061, 40.950665 ], [ 29.2651226, 40.9505874 ], [ 29.2647578, 40.9504416 ], [ 29.2637278, 40.9494044 ], [ 29.256823, 40.9490347 ] ] ] } },
{ "type": "Feature", "properties": { "element": "relation", "id": 7666489, "name": "Abdurrahmangazi Mahallesi" }, "geometry": { "type": "Polygon", "coordinates": [ [ [ 29.2465976, 40.9512968 ], [ 29.2466067, 40.9514476 ], [ 29.2464301, 40.951948 ], [ 29.2493673, 40.9524083 ], [ 29.2491142, 40.9527265 ], [ 29.2491051, 40.9530987 ], [ 29.2493422, 40.9534449 ], [ 29.2494437, 40.953594 ], [ 29.2495023, 40.9538079 ], [ 29.2494423, 40.9539274 ], [ 29.2495796, 40.9540203 ], [ 29.2496861, 40.955272 ], [ 29.2497883, 40.9554107 ], [ 29.2497287, 40.9555594 ], [ 29.2496219, 40.9557222 ], [ 29.2495131, 40.9558365 ], [ 29.2491093, 40.9572203 ], [ 29.2491273, 40.957733 ], [ 29.2491829, 40.9579711 ], [ 29.2491251, 40.9581154 ], [ 29.2489939, 40.9581675 ], [ 29.251254, 40.960496 ], [ 29.2514093, 40.9606371 ], [ 29.2515776, 40.9607703 ], [ 29.2518685, 40.9605711 ], [ 29.2519576, 40.9605278 ], [ 29.2520842, 40.9603826 ], [ 29.2520864, 40.9602737 ], [ 29.2521646, 40.9601828 ], [ 29.25225, 40.9601453 ], [ 29.2522753, 40.960134 ], [ 29.252442, 40.9602294 ], [ 29.252539, 40.9602931 ], [ 29.2525734, 40.9603406 ], [ 29.2524198, 40.960538 ], [ 29.2522503, 40.9608906 ], [ 29.2520539, 40.9610568 ], [ 29.2517843, 40.9612958 ], [ 29.2514533, 40.9614763 ], [ 29.2511662, 40.9616449 ], [ 29.2510369, 40.961725 ], [ 29.2511801, 40.9618093 ], [ 29.2512938, 40.961887 ], [ 29.2513674, 40.9619453 ], [ 29.251411, 40.9619928 ], [ 29.2516127, 40.9622735 ], [ 29.2517542, 40.9624493 ], [ 29.2518373, 40.962542 ], [ 29.2522782, 40.962959 ], [ 29.2519861, 40.9631923 ], [ 29.2524686, 40.9635944 ], [ 29.2526136, 40.9636955 ], [ 29.2524435, 40.9639021 ], [ 29.2523825, 40.963953 ], [ 29.252326, 40.9639935 ], [ 29.2521771, 40.9641388 ], [ 29.2522412, 40.964248 ], [ 29.2523065, 40.9643758 ], [ 29.2523616, 40.9645067 ], [ 29.2524393, 40.9646562 ], [ 29.252706, 40.9652583 ], [ 29.2531233, 40.9662843 ], [ 29.2532493, 40.9666465 ], [ 29.2532479, 40.966684 ], [ 29.2532872, 40.9667962 ], [ 29.253556, 40.9678044 ], [ 29.2536914, 40.9682832 ], [ 29.2541993, 40.9683874 ], [ 29.2552817, 40.9687873 ], [ 29.2551022, 40.9691591 ], [ 29.2549595, 40.9697799 ], [ 29.2548548, 40.9702921 ], [ 29.2547002, 40.9708983 ], [ 29.2545103, 40.9713453 ], [ 29.2541734, 40.9722028 ], [ 29.2541551, 40.9722632 ], [ 29.2540076, 40.9727588 ], [ 29.2544381, 40.9726033 ], [ 29.2556271, 40.9722475 ], [ 29.2572112, 40.9718771 ], [ 29.2577684, 40.9717722 ], [ 29.2589999, 40.9716001 ], [ 29.2593926, 40.9715661 ], [ 29.2601157, 40.9714937 ], [ 29.2613586, 40.9713563 ], [ 29.2621778, 40.9712589 ], [ 29.2623984, 40.9712266 ], [ 29.2626808, 40.9711852 ], [ 29.2635516, 40.971024 ], [ 29.2641116, 40.970895 ], [ 29.2646151, 40.9707742 ], [ 29.2644382, 40.9702186 ], [ 29.2643469, 40.9697868 ], [ 29.2642727, 40.9687301 ], [ 29.2642934, 40.9685063 ], [ 29.2641935, 40.9679881 ], [ 29.2644377, 40.967931 ], [ 29.2643617, 40.9676336 ], [ 29.2642579, 40.9673544 ], [ 29.2642309, 40.9673126 ], [ 29.2641561, 40.9671649 ], [ 29.2638019, 40.9664327 ], [ 29.2633963, 40.9655161 ], [ 29.2632365, 40.9651681 ], [ 29.2627868, 40.9642354 ], [ 29.2625121, 40.9636483 ], [ 29.2624213, 40.9634993 ], [ 29.2621192, 40.9630869 ], [ 29.2620413, 40.962938 ], [ 29.2620128, 40.9628704 ], [ 29.2619617, 40.9627021 ], [ 29.2619305, 40.9622035 ], [ 29.2619208, 40.9619741 ], [ 29.261934, 40.961651 ], [ 29.2619254, 40.9614765 ], [ 29.2619155, 40.9613903 ], [ 29.2618658, 40.9611273 ], [ 29.2616657, 40.9611389 ], [ 29.2615972, 40.9608593 ], [ 29.2614507, 40.9605767 ], [ 29.2612737, 40.9602352 ], [ 29.2608913, 40.9591309 ], [ 29.2607925, 40.9586847 ], [ 29.2606994, 40.9584249 ], [ 29.2605687, 40.9577367 ], [ 29.2605379, 40.9573922 ], [ 29.2604366, 40.9571472 ], [ 29.2599726, 40.9563286 ], [ 29.2594661, 40.9560979 ], [ 29.2592974, 40.956033 ], [ 29.2591651, 40.9559631 ], [ 29.2590723, 40.9559033 ], [ 29.2589934, 40.9558665 ], [ 29.2588257, 40.9558194 ], [ 29.2582682, 40.9556825 ], [ 29.2578057, 40.9555507 ], [ 29.2576498, 40.9554993 ], [ 29.2575024, 40.9554335 ], [ 29.2573548, 40.955353 ], [ 29.2572076, 40.9552512 ], [ 29.2571095, 40.9551532 ], [ 29.2570485, 40.95508 ], [ 29.2570228, 40.9550567 ], [ 29.2561505, 40.9533377 ], [ 29.256823, 40.9490347 ], [ 29.2481047, 40.9487259 ], [ 29.2478974, 40.9488775 ], [ 29.2466168, 40.9509398 ], [ 29.2466739, 40.9511027 ], [ 29.2465976, 40.9512968 ] ] ] } },
{ "type": "Feature", "properties": { "element": "relation", "id": 7666490, "name": "Hasanpaşa Mahallesi" }, "geometry": { "type": "Polygon", "coordinates": [ [ [ 29.2489939, 40.9581675 ], [ 29.248862, 40.9584173 ], [ 29.2486594, 40.9585661 ], [ 29.248293, 40.9587392 ], [ 29.2478711, 40.9591002 ], [ 29.2476418, 40.9598349 ], [ 29.2477321, 40.9603952 ], [ 29.2478229, 40.9607591 ], [ 29.2482803, 40.9611223 ], [ 29.2471719, 40.9617493 ], [ 29.2470479, 40.9618672 ], [ 29.2469918, 40.9620778 ], [ 29.2469873, 40.9622007 ], [ 29.2470278, 40.962334 ], [ 29.2471533, 40.9626163 ], [ 29.2471816, 40.9627378 ], [ 29.2471588, 40.9629343 ], [ 29.2468604, 40.9636225 ], [ 29.2466814, 40.9639253 ], [ 29.2459514, 40.9643625 ], [ 29.2453395, 40.9648785 ], [ 29.2453908, 40.9650113 ], [ 29.2453399, 40.9652534 ], [ 29.2451109, 40.9654827 ], [ 29.2450617, 40.9660404 ], [ 29.2449698, 40.9666194 ], [ 29.244892, 40.9669435 ], [ 29.2448453, 40.9671269 ], [ 29.2447211, 40.967708 ], [ 29.2447622, 40.9679318 ], [ 29.2448009, 40.9680216 ], [ 29.2447988, 40.9683751 ], [ 29.2449499, 40.9691547 ], [ 29.2450503, 40.9693363 ], [ 29.2451643, 40.969496 ], [ 29.2454651, 40.970021 ], [ 29.2455264, 40.9703795 ], [ 29.2457037, 40.9705253 ], [ 29.2461146, 40.9706439 ], [ 29.2462148, 40.9706918 ], [ 29.2463668, 40.9708182 ], [ 29.2465748, 40.9710261 ], [ 29.2466602, 40.9711283 ], [ 29.2466637, 40.9712061 ], [ 29.2466782, 40.9713139 ], [ 29.2467682, 40.9714343 ], [ 29.2471919, 40.9717396 ], [ 29.2477632, 40.9721423 ], [ 29.2479618, 40.9723826 ], [ 29.2481509, 40.9726115 ], [ 29.2484084, 40.9727037 ], [ 29.2486407, 40.9727216 ], [ 29.2487877, 40.9727526 ], [ 29.2489943, 40.972728 ], [ 29.2501436, 40.9738692 ], [ 29.2504167, 40.9742366 ], [ 29.2511674, 40.9739378 ], [ 29.2526758, 40.9732761 ], [ 29.2530217, 40.9731287 ], [ 29.2533446, 40.9730025 ], [ 29.2540076, 40.9727588 ], [ 29.2541551, 40.9722632 ], [ 29.2541734, 40.9722028 ], [ 29.2545103, 40.9713453 ], [ 29.2547002, 40.9708983 ], [ 29.2548548, 40.9702921 ], [ 29.2549595, 40.9697799 ], [ 29.2551022, 40.9691591 ], [ 29.2552817, 40.9687873 ], [ 29.2541993, 40.9683874 ], [ 29.2536914, 40.9682832 ], [ 29.253556, 40.9678044 ], [ 29.2532872, 40.9667962 ], [ 29.2532479, 40.966684 ], [ 29.2532493, 40.9666465 ], [ 29.2531233, 40.9662843 ], [ 29.252706, 40.9652583 ], [ 29.2524393, 40.9646562 ], [ 29.2523616, 40.9645067 ], [ 29.2523065, 40.9643758 ], [ 29.2522412, 40.964248 ], [ 29.2521771, 40.9641388 ], [ 29.252326, 40.9639935 ], [ 29.2523825, 40.963953 ], [ 29.2524435, 40.9639021 ], [ 29.2526136, 40.9636955 ], [ 29.2524686, 40.9635944 ], [ 29.2519861, 40.9631923 ], [ 29.2522782, 40.962959 ], [ 29.2518373, 40.962542 ], [ 29.2517542, 40.9624493 ], [ 29.2516127, 40.9622735 ], [ 29.251411, 40.9619928 ], [ 29.2513674, 40.9619453 ], [ 29.2512938, 40.961887 ], [ 29.2511801, 40.9618093 ], [ 29.2510369, 40.961725 ], [ 29.2511662, 40.9616449 ], [ 29.2514533, 40.9614763 ], [ 29.2517843, 40.9612958 ], [ 29.2520539, 40.9610568 ], [ 29.2522503, 40.9608906 ], [ 29.2524198, 40.960538 ], [ 29.2525734, 40.9603406 ], [ 29.252539, 40.9602931 ], [ 29.252442, 40.9602294 ], [ 29.2522753, 40.960134 ], [ 29.25225, 40.9601453 ], [ 29.2521646, 40.9601828 ], [ 29.2520864, 40.9602737 ], [ 29.2520842, 40.9603826 ], [ 29.2519576, 40.9605278 ], [ 29.2518685, 40.9605711 ], [ 29.2515776, 40.9607703 ], [ 29.2514093, 40.9606371 ], [ 29.251254, 40.960496 ], [ 29.2489939, 40.9581675 ] ] ] } },
{ "type": "Feature", "properties": { "element": "relation", "id": 7666491, "name": "Akşemsettin Mahallesi" }, "geometry": { "type": "Polygon", "coordinates": [ [ [ 29.2908793, 40.9472818 ], [ 29.2908483, 40.9473062 ], [ 29.2908053, 40.94734 ], [ 29.2901781, 40.9475499 ], [ 29.2902741, 40.9476511 ], [ 29.2903671, 40.9477664 ], [ 29.2907619, 40.9481188 ], [ 29.2911823, 40.948471 ], [ 29.2916384, 40.9488875 ], [ 29.2918154, 40.9490575 ], [ 29.2920943, 40.9493051 ], [ 29.2921561, 40.9493803 ], [ 29.292178, 40.9494012 ], [ 29.2922775, 40.9494957 ], [ 29.292478, 40.9496415 ], [ 29.2926194, 40.9497616 ], [ 29.2927949, 40.9499273 ], [ 29.2928857, 40.9500241 ], [ 29.2931031, 40.9502757 ], [ 29.2933773, 40.9502079 ], [ 29.2937956, 40.9505864 ], [ 29.2939096, 40.9506832 ], [ 29.2940588, 40.9507869 ], [ 29.2943448, 40.9510016 ], [ 29.2944118, 40.951095 ], [ 29.2950718, 40.9513816 ], [ 29.2956252, 40.9516403 ], [ 29.2958815, 40.9517714 ], [ 29.2963666, 40.9520703 ], [ 29.2966675, 40.9521999 ], [ 29.2967948, 40.9522073 ], [ 29.2969708, 40.9521943 ], [ 29.2971925, 40.9521663 ], [ 29.2972925, 40.952985 ], [ 29.2974124, 40.9535258 ], [ 29.2982994, 40.9531598 ], [ 29.3001723, 40.9524796 ], [ 29.3011495, 40.9521401 ], [ 29.3017913, 40.9518988 ], [ 29.302783, 40.9515266 ], [ 29.3033525, 40.9512992 ], [ 29.3038888, 40.9510763 ], [ 29.3043606, 40.9508694 ], [ 29.3045741, 40.9507733 ], [ 29.3051616, 40.9504953 ], [ 29.305834, 40.9501639 ], [ 29.3064637, 40.9498383 ], [ 29.3067608, 40.949671 ], [ 29.3068612, 40.9496186 ], [ 29.3074401, 40.9492885 ], [ 29.3087049, 40.9485079 ], [ 29.3083493, 40.9479213 ], [ 29.3080605, 40.9474737 ], [ 29.3077219, 40.9471219 ], [ 29.3068515, 40.9463854 ], [ 29.3065685, 40.9459527 ], [ 29.3063065, 40.9456118 ], [ 29.3057602, 40.9450197 ], [ 29.3053645, 40.9448061 ], [ 29.3046738, 40.9445317 ], [ 29.3044564, 40.9444084 ], [ 29.3040722, 40.9440898 ], [ 29.3037175, 40.9435463 ], [ 29.303162, 40.9428904 ], [ 29.302526, 40.9422488 ], [ 29.3023002, 40.942096 ], [ 29.3012247, 40.9415218 ], [ 29.3000943, 40.9409083 ], [ 29.2975934, 40.9396152 ], [ 29.2972022, 40.9393296 ], [ 29.2968007, 40.9389486 ], [ 29.2963886, 40.9385013 ], [ 29.2959583, 40.9383382 ], [ 29.2956735, 40.9382302 ], [ 29.2954998, 40.9384503 ], [ 29.2950319, 40.9394161 ], [ 29.2949819, 40.9395441 ], [ 29.2947358, 40.9400781 ], [ 29.2947556, 40.9402574 ], [ 29.2948649, 40.9409177 ], [ 29.2949199, 40.9413376 ], [ 29.2949238, 40.9414169 ], [ 29.2949097, 40.9414854 ], [ 29.2948672, 40.9415495 ], [ 29.2948201, 40.9416015 ], [ 29.2947988, 40.9416563 ], [ 29.2947837, 40.9419449 ], [ 29.2947975, 40.9421325 ], [ 29.2948241, 40.9423115 ], [ 29.2948684, 40.9424201 ], [ 29.2949869, 40.942594 ], [ 29.2951552, 40.9428262 ], [ 29.2953772, 40.9430457 ], [ 29.2956132, 40.9431899 ], [ 29.2958835, 40.9433156 ], [ 29.2960384, 40.94338 ], [ 29.2960547, 40.9434071 ], [ 29.2960811, 40.9434277 ], [ 29.2961273, 40.9434523 ], [ 29.2963258, 40.9436116 ], [ 29.296474, 40.9437488 ], [ 29.2965857, 40.9438647 ], [ 29.2967305, 40.9440673 ], [ 29.2967912, 40.9441613 ], [ 29.2968307, 40.9442501 ], [ 29.2964357, 40.9444383 ], [ 29.2962789, 40.9444997 ], [ 29.295962, 40.9446282 ], [ 29.2958278, 40.9446789 ], [ 29.2956703, 40.9447977 ], [ 29.2954916, 40.9449483 ], [ 29.2953328, 40.9450931 ], [ 29.2951541, 40.9452385 ], [ 29.2947806, 40.9454895 ], [ 29.2944204, 40.9456879 ], [ 29.2937336, 40.946079 ], [ 29.291769, 40.9469709 ], [ 29.2915964, 40.9470847 ], [ 29.291328, 40.9471986 ], [ 29.2910599, 40.9472637 ], [ 29.2908793, 40.9472818 ] ] ] } },
{ "type": "Feature", "properties": { "element": "relation", "id": 7666492, "name": "Mecidiye Mahallesi" }, "geometry": { "type": "Polygon", "coordinates": [ [ [ 29.2885173, 40.9581345 ], [ 29.2888624, 40.9585464 ], [ 29.2890554, 40.9587463 ], [ 29.2893386, 40.9590582 ], [ 29.2895872, 40.9593477 ], [ 29.2896415, 40.9593895 ], [ 29.2896915, 40.9594196 ], [ 29.290322, 40.9602446 ], [ 29.2905552, 40.9605104 ], [ 29.2909412, 40.9610137 ], [ 29.2908764, 40.9611764 ], [ 29.2909891, 40.9612872 ], [ 29.2910306, 40.961328 ], [ 29.2916118, 40.9618717 ], [ 29.2917439, 40.9620014 ], [ 29.2918041, 40.9620616 ], [ 29.2918191, 40.9620766 ], [ 29.2918618, 40.9621193 ], [ 29.2922423, 40.9624998 ], [ 29.2974182, 40.9662298 ], [ 29.2978847, 40.9662207 ], [ 29.2985316, 40.9652009 ], [ 29.2989897, 40.9647178 ], [ 29.2998286, 40.9641386 ], [ 29.2998547, 40.963955 ], [ 29.2997127, 40.9637432 ], [ 29.2997342, 40.9634117 ], [ 29.3004182, 40.9623104 ], [ 29.3009153, 40.9617592 ], [ 29.3023489, 40.9605714 ], [ 29.3027668, 40.9589668 ], [ 29.3031744, 40.9586933 ], [ 29.3035236, 40.9584416 ], [ 29.3053442, 40.9586556 ], [ 29.3072943, 40.9590281 ], [ 29.3108029, 40.9600343 ], [ 29.3117751, 40.9590355 ], [ 29.3119449, 40.9555785 ], [ 29.3114388, 40.9548993 ], [ 29.3109092, 40.9541682 ], [ 29.3096973, 40.9513828 ], [ 29.3100263, 40.9507886 ], [ 29.3099644, 40.9492854 ], [ 29.3087049, 40.9485079 ], [ 29.3074401, 40.9492885 ], [ 29.3068612, 40.9496186 ], [ 29.3067608, 40.949671 ], [ 29.3064637, 40.9498383 ], [ 29.305834, 40.9501639 ], [ 29.3051616, 40.9504953 ], [ 29.3045741, 40.9507733 ], [ 29.3043606, 40.9508694 ], [ 29.3038888, 40.9510763 ], [ 29.3033525, 40.9512992 ], [ 29.302783, 40.9515266 ], [ 29.3017913, 40.9518988 ], [ 29.3011495, 40.9521401 ], [ 29.3001723, 40.9524796 ], [ 29.2982994, 40.9531598 ], [ 29.2974124, 40.9535258 ], [ 29.2968448, 40.9537575 ], [ 29.2956714, 40.9542892 ], [ 29.295144, 40.9545469 ], [ 29.2941515, 40.9550498 ], [ 29.2933119, 40.9554894 ], [ 29.2920006, 40.9562553 ], [ 29.2908201, 40.9569239 ], [ 29.2900881, 40.9573299 ], [ 29.2893844, 40.9577147 ], [ 29.2889763, 40.957908 ], [ 29.2885173, 40.9581345 ] ] ] } },
{ "type": "Feature", "properties": { "element": "relation", "id": 7666493, "name": "Turgut Reis Mahallesi" }, "geometry": { "type": "Polygon", "coordinates": [ [ [ 29.2734868, 40.9658988 ], [ 29.2738264, 40.9660038 ], [ 29.274071, 40.966097 ], [ 29.2742211, 40.9661331 ], [ 29.274426, 40.9661552 ], [ 29.2746495, 40.9661621 ], [ 29.2748054, 40.9664796 ], [ 29.2748642, 40.9665827 ], [ 29.27508, 40.9668801 ], [ 29.2751543, 40.967019 ], [ 29.2751847, 40.9671089 ], [ 29.2749412, 40.9671434 ], [ 29.2748151, 40.9671724 ], [ 29.2748527, 40.9672173 ], [ 29.2752354, 40.9678178 ], [ 29.27536, 40.967975 ], [ 29.2754533, 40.96807 ], [ 29.2755637, 40.9681628 ], [ 29.2756112, 40.968201 ], [ 29.2758698, 40.9683863 ], [ 29.2762515, 40.9685752 ], [ 29.2767128, 40.9687498 ], [ 29.2770354, 40.9688541 ], [ 29.277203, 40.9689134 ], [ 29.2774168, 40.9689782 ], [ 29.2776941, 40.969073 ], [ 29.2777622, 40.9690854 ], [ 29.2783101, 40.9692576 ], [ 29.2785276, 40.9693391 ], [ 29.2786029, 40.9693618 ], [ 29.2788912, 40.9694303 ], [ 29.2791449, 40.9695078 ], [ 29.2793242, 40.969567 ], [ 29.2796397, 40.9697183 ], [ 29.2798308, 40.9697981 ], [ 29.2802344, 40.9699415 ], [ 29.2805667, 40.9700918 ], [ 29.2810634, 40.9702865 ], [ 29.281406, 40.9704049 ], [ 29.2817438, 40.9705375 ], [ 29.2819867, 40.9706121 ], [ 29.2822041, 40.97067 ], [ 29.2822981, 40.970681 ], [ 29.2825588, 40.9706959 ], [ 29.282788, 40.970715 ], [ 29.2828812, 40.9707287 ], [ 29.2829426, 40.9707481 ], [ 29.2830649, 40.9708014 ], [ 29.2831354, 40.9708405 ], [ 29.2832429, 40.9709088 ], [ 29.2833012, 40.9709656 ], [ 29.2834338, 40.9711081 ], [ 29.2834756, 40.97117 ], [ 29.2834887, 40.9711972 ], [ 29.2834964, 40.9712294 ], [ 29.2834987, 40.9712392 ], [ 29.2905177, 40.972498 ], [ 29.2930944, 40.9702746 ], [ 29.2935757, 40.9688849 ], [ 29.2953312, 40.9679228 ], [ 29.2964192, 40.9675376 ], [ 29.2978847, 40.9662207 ], [ 29.2974182, 40.9662298 ], [ 29.2922423, 40.9624998 ], [ 29.2918618, 40.9621193 ], [ 29.2918191, 40.9620766 ], [ 29.2918041, 40.9620616 ], [ 29.2917439, 40.9620014 ], [ 29.2916118, 40.9618717 ], [ 29.2910306, 40.961328 ], [ 29.2909891, 40.9612872 ], [ 29.2908764, 40.9611764 ], [ 29.2909412, 40.9610137 ], [ 29.2905552, 40.9605104 ], [ 29.290322, 40.9602446 ], [ 29.2896915, 40.9594196 ], [ 29.2896415, 40.9593895 ], [ 29.2895872, 40.9593477 ], [ 29.2893386, 40.9590582 ], [ 29.2890554, 40.9587463 ], [ 29.2888624, 40.9585464 ], [ 29.2885173, 40.9581345 ], [ 29.2880292, 40.9583564 ], [ 29.2870147, 40.9587949 ], [ 29.2861977, 40.9591325 ], [ 29.2853661, 40.9594433 ], [ 29.2845272, 40.9597551 ], [ 29.2834766, 40.96014 ], [ 29.2824545, 40.9605372 ], [ 29.2817176, 40.9608575 ], [ 29.2813775, 40.9610094 ], [ 29.280527, 40.9614018 ], [ 29.2796762, 40.9618199 ], [ 29.2791881, 40.962082 ], [ 29.2787372, 40.9623247 ], [ 29.2777464, 40.9628855 ], [ 29.2772012, 40.9632157 ], [ 29.2767751, 40.9634824 ], [ 29.2758884, 40.9640701 ], [ 29.2756954, 40.9641984 ], [ 29.2748494, 40.9648235 ], [ 29.2744268, 40.9651484 ], [ 29.2738578, 40.9655895 ], [ 29.2734868, 40.9658988 ] ] ] } },
{ "type": "Feature", "properties": { "element": "relation", "id": 7666495, "name": "Adil Mahallesi" }, "geometry": { "type": "Polygon", "coordinates": [ [ [ 29.2504167, 40.9742366 ], [ 29.2515595, 40.9757743 ], [ 29.2517433, 40.975927 ], [ 29.2519743, 40.9763681 ], [ 29.2520717, 40.9765959 ], [ 29.252024, 40.9767918 ], [ 29.251954, 40.9769566 ], [ 29.251971, 40.97706 ], [ 29.252032, 40.9771367 ], [ 29.2520212, 40.9783604 ], [ 29.2518243, 40.9785886 ], [ 29.2517889, 40.9788431 ], [ 29.2517507, 40.9793399 ], [ 29.2518076, 40.9795785 ], [ 29.2519884, 40.9798919 ], [ 29.2523145, 40.9803073 ], [ 29.252642, 40.9808415 ], [ 29.2530121, 40.9815835 ], [ 29.25335, 40.9825139 ], [ 29.2543725, 40.985268 ], [ 29.2544697, 40.9857739 ], [ 29.2544502, 40.9860572 ], [ 29.2544702, 40.9862135 ], [ 29.2544786, 40.9864312 ], [ 29.2544578, 40.9868337 ], [ 29.2544416, 40.98731 ], [ 29.2544152, 40.9877206 ], [ 29.2544406, 40.9878769 ], [ 29.2544969, 40.9879025 ], [ 29.2546547, 40.9879744 ], [ 29.2551322, 40.9884218 ], [ 29.2552073, 40.988473 ], [ 29.2552971, 40.9885078 ], [ 29.2564514, 40.9887751 ], [ 29.2570277, 40.9889177 ], [ 29.2572702, 40.9889836 ], [ 29.2575776, 40.9890474 ], [ 29.2583762, 40.9891964 ], [ 29.2599077, 40.9894721 ], [ 29.2603192, 40.9895299 ], [ 29.2605846, 40.9895725 ], [ 29.2609582, 40.989625 ], [ 29.2617714, 40.9897309 ], [ 29.2624938, 40.9897931 ], [ 29.2630964, 40.989819 ], [ 29.2632366, 40.9894297 ], [ 29.2633061, 40.9892327 ], [ 29.2638923, 40.9876947 ], [ 29.2639842, 40.9874074 ], [ 29.2640147, 40.987256 ], [ 29.2640366, 40.987183 ], [ 29.2641997, 40.9864901 ], [ 29.2642639, 40.986196 ], [ 29.2643882, 40.9857257 ], [ 29.2646988, 40.9848441 ], [ 29.2648218, 40.9845378 ], [ 29.2650436, 40.9839858 ], [ 29.265238, 40.9836159 ], [ 29.2653338, 40.9834621 ], [ 29.2653891, 40.9833859 ], [ 29.2655304, 40.9832138 ], [ 29.2657493, 40.9829984 ], [ 29.2659474, 40.9828202 ], [ 29.2661074, 40.982701 ], [ 29.2661771, 40.982656 ], [ 29.2663876, 40.9825308 ], [ 29.2665165, 40.9824614 ], [ 29.2666738, 40.9823907 ], [ 29.2670181, 40.9822521 ], [ 29.2669473, 40.9821822 ], [ 29.266717, 40.9818933 ], [ 29.266602, 40.981741 ], [ 29.266324, 40.9813445 ], [ 29.2660426, 40.9809329 ], [ 29.2658993, 40.9807018 ], [ 29.2658268, 40.9805677 ], [ 29.2657825, 40.9803786 ], [ 29.2657614, 40.9802401 ], [ 29.2657549, 40.9799227 ], [ 29.2657647, 40.9793756 ], [ 29.2657571, 40.9792517 ], [ 29.2657382, 40.9791 ], [ 29.2656953, 40.9788901 ], [ 29.2654232, 40.9778256 ], [ 29.2653586, 40.9776057 ], [ 29.2653019, 40.9774331 ], [ 29.2651125, 40.9769296 ], [ 29.2650394, 40.9766568 ], [ 29.2649659, 40.976426 ], [ 29.2647672, 40.9760763 ], [ 29.2643328, 40.9753546 ], [ 29.2642186, 40.975135 ], [ 29.2641571, 40.9749418 ], [ 29.2639614, 40.9742016 ], [ 29.2638867, 40.9740064 ], [ 29.2637931, 40.9738451 ], [ 29.2637595, 40.9737686 ], [ 29.2635495, 40.9733616 ], [ 29.2634428, 40.9731762 ], [ 29.2632549, 40.972922 ], [ 29.2630666, 40.9726958 ], [ 29.2628603, 40.9724355 ], [ 29.2627063, 40.972231 ], [ 29.2626672, 40.9721612 ], [ 29.2626258, 40.9720766 ], [ 29.2625794, 40.9719618 ], [ 29.2624597, 40.9715236 ], [ 29.2624357, 40.9714075 ], [ 29.2623984, 40.9712266 ], [ 29.2621778, 40.9712589 ], [ 29.2613586, 40.9713563 ], [ 29.2601157, 40.9714937 ], [ 29.2593926, 40.9715661 ], [ 29.2589999, 40.9716001 ], [ 29.2577684, 40.9717722 ], [ 29.2572112, 40.9718771 ], [ 29.2556271, 40.9722475 ], [ 29.2544381, 40.9726033 ], [ 29.2540076, 40.9727588 ], [ 29.2533446, 40.9730025 ], [ 29.2530217, 40.9731287 ], [ 29.2526758, 40.9732761 ], [ 29.2511674, 40.9739378 ], [ 29.2504167, 40.9742366 ] ] ] } },
{ "type": "Feature", "properties": { "element": "relation", "id": 7666496, "name": "Battalgazi Mahallesi" }, "geometry": { "type": "Polygon", "coordinates": [ [ [ 29.2630964, 40.989819 ], [ 29.2633292, 40.9900049 ], [ 29.2638205, 40.9902355 ], [ 29.2641022, 40.9903005 ], [ 29.2646493, 40.9901334 ], [ 29.2656312, 40.9898725 ], [ 29.2662079, 40.9897868 ], [ 29.2666688, 40.989731 ], [ 29.2670846, 40.989686 ], [ 29.2676611, 40.9895542 ], [ 29.2681294, 40.9892303 ], [ 29.2682968, 40.9891217 ], [ 29.2684169, 40.9890349 ], [ 29.2689738, 40.9887366 ], [ 29.2692044, 40.9886881 ], [ 29.2695454, 40.9886078 ], [ 29.2709309, 40.988421 ], [ 29.2714401, 40.9883905 ], [ 29.2718797, 40.9883819 ], [ 29.272434, 40.9883764 ], [ 29.2730219, 40.9883477 ], [ 29.2735638, 40.9883269 ], [ 29.2738822, 40.9883092 ], [ 29.2741041, 40.9882969 ], [ 29.2745639, 40.988309 ], [ 29.2748409, 40.9884539 ], [ 29.2750015, 40.9884925 ], [ 29.2752178, 40.9885033 ], [ 29.2760921, 40.9885343 ], [ 29.2761803, 40.9885621 ], [ 29.2761388, 40.9887943 ], [ 29.2760166, 40.9895619 ], [ 29.2759227, 40.9899804 ], [ 29.2758268, 40.9901605 ], [ 29.2757048, 40.9904732 ], [ 29.2756725, 40.9905805 ], [ 29.2756624, 40.9906164 ], [ 29.2755373, 40.9910602 ], [ 29.2754527, 40.9914148 ], [ 29.2754023, 40.9916255 ], [ 29.2753821, 40.9917867 ], [ 29.2753309, 40.9920567 ], [ 29.2753064, 40.9921612 ], [ 29.2751861, 40.9924759 ], [ 29.2750003, 40.9928586 ], [ 29.2749291, 40.992986 ], [ 29.274623, 40.9937604 ], [ 29.2745693, 40.9940416 ], [ 29.2745686, 40.9941155 ], [ 29.2746768, 40.9946652 ], [ 29.2747074, 40.9949405 ], [ 29.2746576, 40.9951887 ], [ 29.2745898, 40.9953797 ], [ 29.2744301, 40.9957322 ], [ 29.2746411, 40.9958466 ], [ 29.274829, 40.9959782 ], [ 29.275236, 40.9963015 ], [ 29.27575, 40.9966868 ], [ 29.2760123, 40.9968505 ], [ 29.2761096, 40.9969063 ], [ 29.2766594, 40.9969959 ], [ 29.2769084, 40.9970453 ], [ 29.2777482, 40.9971262 ], [ 29.2786833, 40.9972218 ], [ 29.278864, 40.9972327 ], [ 29.2791996, 40.9971956 ], [ 29.2795255, 40.9972072 ], [ 29.2799321, 40.9972815 ], [ 29.280241, 40.9973616 ], [ 29.2805484, 40.9974608 ], [ 29.2811167, 40.9976641 ], [ 29.2818519, 40.9977727 ], [ 29.2828631, 40.9978946 ], [ 29.283853, 40.9980515 ], [ 29.283927, 40.9980577 ], [ 29.2840388, 40.9980518 ], [ 29.284236, 40.9980029 ], [ 29.2852509, 40.997695 ], [ 29.2858678, 40.9974985 ], [ 29.2861858, 40.9974356 ], [ 29.2868096, 40.9973376 ], [ 29.2876436, 40.9973136 ], [ 29.2877619, 40.9968283 ], [ 29.2878314, 40.9948609 ], [ 29.287709, 40.9942954 ], [ 29.2876822, 40.9941715 ], [ 29.2876475, 40.9939404 ], [ 29.2874263, 40.9924666 ], [ 29.2872449, 40.9913156 ], [ 29.2872459, 40.9913074 ], [ 29.2875031, 40.989246 ], [ 29.2877094, 40.9889925 ], [ 29.2878633, 40.9888033 ], [ 29.2879227, 40.9885631 ], [ 29.288026, 40.9881451 ], [ 29.2879933, 40.9879375 ], [ 29.2878844, 40.9872474 ], [ 29.2887339, 40.9834428 ], [ 29.2892152, 40.9801082 ], [ 29.2895045, 40.9797618 ], [ 29.2900364, 40.9791249 ], [ 29.2900364, 40.9784409 ], [ 29.2893851, 40.9780347 ], [ 29.2893285, 40.97703 ], [ 29.2808309, 40.976735 ], [ 29.280555, 40.9767309 ], [ 29.2803856, 40.9767436 ], [ 29.2801569, 40.9767721 ], [ 29.2789877, 40.9769469 ], [ 29.2789649, 40.9769423 ], [ 29.2787216, 40.9769442 ], [ 29.2784974, 40.9769398 ], [ 29.278223, 40.9769304 ], [ 29.2778611, 40.9769281 ], [ 29.2776875, 40.9769124 ], [ 29.2775103, 40.9768887 ], [ 29.2772297, 40.976839 ], [ 29.2770663, 40.9768142 ], [ 29.2766388, 40.9767345 ], [ 29.2765461, 40.9767013 ], [ 29.2764516, 40.9766743 ], [ 29.2760265, 40.9765238 ], [ 29.2757859, 40.9764525 ], [ 29.2756795, 40.9764262 ], [ 29.2752065, 40.9763299 ], [ 29.2747625, 40.9762502 ], [ 29.2745205, 40.9762155 ], [ 29.2742322, 40.9761848 ], [ 29.2738342, 40.9761533 ], [ 29.2735805, 40.9761185 ], [ 29.2731107, 40.9760303 ], [ 29.2726898, 40.9759637 ], [ 29.2725862, 40.9759521 ], [ 29.2724862, 40.9759518 ], [ 29.272261, 40.9759877 ], [ 29.2718103, 40.9760753 ], [ 29.2715324, 40.9761109 ], [ 29.2713216, 40.9761095 ], [ 29.2711042, 40.9760709 ], [ 29.2708165, 40.9760425 ], [ 29.2706391, 40.976034 ], [ 29.2704051, 40.9760348 ], [ 29.2700282, 40.9760531 ], [ 29.2698587, 40.9760808 ], [ 29.2695701, 40.9761088 ], [ 29.2691309, 40.9761159 ], [ 29.2688147, 40.9760749 ], [ 29.2687547, 40.9760792 ], [ 29.2686038, 40.9760759 ], [ 29.2683744, 40.9760862 ], [ 29.2680494, 40.9761474 ], [ 29.267697, 40.9762525 ], [ 29.2674591, 40.9763194 ], [ 29.2670222, 40.9764599 ], [ 29.2665612, 40.9764681 ], [ 29.2663505, 40.9764917 ], [ 29.2662819, 40.9767926 ], [ 29.2662493, 40.9768758 ], [ 29.2660284, 40.9772118 ], [ 29.2652773, 40.9767876 ], [ 29.2650881, 40.9766586 ], [ 29.2650394, 40.9766568 ], [ 29.2651125, 40.9769296 ], [ 29.2653019, 40.9774331 ], [ 29.2653586, 40.9776057 ], [ 29.2654232, 40.9778256 ], [ 29.2656953, 40.9788901 ], [ 29.2657382, 40.9791 ], [ 29.2657571, 40.9792517 ], [ 29.2657647, 40.9793756 ], [ 29.2657549, 40.9799227 ], [ 29.2657614, 40.9802401 ], [ 29.2657825, 40.9803786 ], [ 29.2658268, 40.9805677 ], [ 29.2658993, 40.9807018 ], [ 29.2660426, 40.9809329 ], [ 29.266324, 40.9813445 ], [ 29.266602, 40.981741 ], [ 29.266717, 40.9818933 ], [ 29.2669473, 40.9821822 ], [ 29.2670181, 40.9822521 ], [ 29.2666738, 40.9823907 ], [ 29.2665165, 40.9824614 ], [ 29.2663876, 40.9825308 ], [ 29.2661771, 40.982656 ], [ 29.2661074, 40.982701 ], [ 29.2659474, 40.9828202 ], [ 29.2657493, 40.9829984 ], [ 29.2655304, 40.9832138 ], [ 29.2653891, 40.9833859 ], [ 29.2653338, 40.9834621 ], [ 29.265238, 40.9836159 ], [ 29.2650436, 40.9839858 ], [ 29.2648218, 40.9845378 ], [ 29.2646988, 40.9848441 ], [ 29.2643882, 40.9857257 ], [ 29.2642639, 40.986196 ], [ 29.2641997, 40.9864901 ], [ 29.2640366, 40.987183 ], [ 29.2640147, 40.987256 ], [ 29.2639842, 40.9874074 ], [ 29.2638923, 40.9876947 ], [ 29.2633061, 40.9892327 ], [ 29.2632366, 40.9894297 ], [ 29.2630964, 40.989819 ] ] ] } },
{ "type": "Feature", "properties": { "element": "relation", "id": 7666497, "name": "Mimar Sinan Mahallesi" }, "geometry": { "type": "Polygon", "coordinates": [ [ [ 29.2544406, 40.9878769 ], [ 29.2545147, 40.9880335 ], [ 29.2547019, 40.9882648 ], [ 29.2548029, 40.9884379 ], [ 29.2548392, 40.988586 ], [ 29.2548474, 40.9888243 ], [ 29.2548336, 40.989083 ], [ 29.2548043, 40.9892759 ], [ 29.2547598, 40.9893783 ], [ 29.2546068, 40.98948 ], [ 29.25447, 40.9895983 ], [ 29.2543981, 40.9897251 ], [ 29.2543963, 40.9898895 ], [ 29.2545267, 40.990334 ], [ 29.2566403, 40.9928109 ], [ 29.2568382, 40.993212 ], [ 29.2572105, 40.9935578 ], [ 29.2572886, 40.9936377 ], [ 29.2576473, 40.9943177 ], [ 29.257812, 40.9945373 ], [ 29.2578443, 40.994694 ], [ 29.2579448, 40.9952987 ], [ 29.2579287, 40.9953499 ], [ 29.2580039, 40.9956561 ], [ 29.2581346, 40.9960413 ], [ 29.2582005, 40.996374 ], [ 29.2582633, 40.996864 ], [ 29.2582534, 40.9969711 ], [ 29.2582798, 40.9970662 ], [ 29.2583417, 40.9971991 ], [ 29.2584692, 40.9974076 ], [ 29.2585461, 40.9975046 ], [ 29.2586323, 40.9975771 ], [ 29.2586898, 40.9976619 ], [ 29.2588858, 40.9978692 ], [ 29.259008, 40.9980065 ], [ 29.2591159, 40.9982448 ], [ 29.2591754, 40.9983738 ], [ 29.2592767, 40.9985529 ], [ 29.2593384, 40.9988798 ], [ 29.2594068, 40.998972 ], [ 29.2594658, 40.9992548 ], [ 29.2595035, 40.9993722 ], [ 29.2595074, 40.9995043 ], [ 29.2594859, 40.9996137 ], [ 29.259443, 40.9997857 ], [ 29.2594671, 40.9999112 ], [ 29.2595664, 41.0000954 ], [ 29.2596361, 41.0002473 ], [ 29.2596495, 41.0004801 ], [ 29.2596603, 41.0005617 ], [ 29.2596334, 41.0007108 ], [ 29.2596576, 41.00081 ], [ 29.2596602, 41.000889 ], [ 29.2598346, 41.0013667 ], [ 29.2597997, 41.0015813 ], [ 29.2597729, 41.0018242 ], [ 29.259738, 41.0019143 ], [ 29.2596088, 41.002122 ], [ 29.259569, 41.0022675 ], [ 29.2594926, 41.002477 ], [ 29.2594698, 41.0026278 ], [ 29.2595315, 41.0028221 ], [ 29.2595878, 41.0029456 ], [ 29.2597273, 41.0031925 ], [ 29.2597997, 41.0032573 ], [ 29.2599368, 41.0033337 ], [ 29.2604025, 41.0035291 ], [ 29.2607603, 41.0037164 ], [ 29.2610215, 41.0040321 ], [ 29.2612818, 41.0041305 ], [ 29.2614143, 41.0042219 ], [ 29.2616995, 41.0044365 ], [ 29.262111, 41.0047937 ], [ 29.2622935, 41.004819 ], [ 29.2624509, 41.0048762 ], [ 29.2630308, 41.0048748 ], [ 29.2657677, 41.0042989 ], [ 29.2694146, 41.0035315 ], [ 29.2710815, 41.0031807 ], [ 29.2759529, 41.0030285 ], [ 29.2808638, 41.0030038 ], [ 29.2826085, 41.0029699 ], [ 29.2833358, 41.0029557 ], [ 29.2867737, 41.0023896 ], [ 29.2868823, 41.0023819 ], [ 29.2866158, 41.0015157 ], [ 29.2862174, 41.0009144 ], [ 29.2863211, 40.9996277 ], [ 29.2863912, 40.9994759 ], [ 29.2864926, 40.9993457 ], [ 29.286641, 40.999145 ], [ 29.2867563, 40.9990223 ], [ 29.2869016, 40.9988198 ], [ 29.2871675, 40.9984515 ], [ 29.2876436, 40.9973136 ], [ 29.2868096, 40.9973376 ], [ 29.2861858, 40.9974356 ], [ 29.2858678, 40.9974985 ], [ 29.2852509, 40.997695 ], [ 29.284236, 40.9980029 ], [ 29.2840388, 40.9980518 ], [ 29.283927, 40.9980577 ], [ 29.283853, 40.9980515 ], [ 29.2828631, 40.9978946 ], [ 29.2818519, 40.9977727 ], [ 29.2811167, 40.9976641 ], [ 29.2805484, 40.9974608 ], [ 29.280241, 40.9973616 ], [ 29.2799321, 40.9972815 ], [ 29.2795255, 40.9972072 ], [ 29.2791996, 40.9971956 ], [ 29.278864, 40.9972327 ], [ 29.2786833, 40.9972218 ], [ 29.2777482, 40.9971262 ], [ 29.2769084, 40.9970453 ], [ 29.2766594, 40.9969959 ], [ 29.2761096, 40.9969063 ], [ 29.2760123, 40.9968505 ], [ 29.27575, 40.9966868 ], [ 29.275236, 40.9963015 ], [ 29.274829, 40.9959782 ], [ 29.2746411, 40.9958466 ], [ 29.2744301, 40.9957322 ], [ 29.2745898, 40.9953797 ], [ 29.2746576, 40.9951887 ], [ 29.2747074, 40.9949405 ], [ 29.2746768, 40.9946652 ], [ 29.2745686, 40.9941155 ], [ 29.2745693, 40.9940416 ], [ 29.274623, 40.9937604 ], [ 29.2749291, 40.992986 ], [ 29.2750003, 40.9928586 ], [ 29.2751861, 40.9924759 ], [ 29.2753064, 40.9921612 ], [ 29.2753309, 40.9920567 ], [ 29.2753821, 40.9917867 ], [ 29.2754023, 40.9916255 ], [ 29.2754527, 40.9914148 ], [ 29.2755373, 40.9910602 ], [ 29.2756624, 40.9906164 ], [ 29.2756725, 40.9905805 ], [ 29.2757048, 40.9904732 ], [ 29.2758268, 40.9901605 ], [ 29.2759227, 40.9899804 ], [ 29.2760166, 40.9895619 ], [ 29.2761388, 40.9887943 ], [ 29.2761803, 40.9885621 ], [ 29.2760921, 40.9885343 ], [ 29.2752178, 40.9885033 ], [ 29.2750015, 40.9884925 ], [ 29.2748409, 40.9884539 ], [ 29.2745639, 40.988309 ], [ 29.2741041, 40.9882969 ], [ 29.2738822, 40.9883092 ], [ 29.2735638, 40.9883269 ], [ 29.2730219, 40.9883477 ], [ 29.272434, 40.9883764 ], [ 29.2718797, 40.9883819 ], [ 29.2714401, 40.9883905 ], [ 29.2709309, 40.988421 ], [ 29.2695454, 40.9886078 ], [ 29.2692044, 40.9886881 ], [ 29.2689738, 40.9887366 ], [ 29.2684169, 40.9890349 ], [ 29.2682968, 40.9891217 ], [ 29.2681294, 40.9892303 ], [ 29.2676611, 40.9895542 ], [ 29.2670846, 40.989686 ], [ 29.2666688, 40.989731 ], [ 29.2662079, 40.9897868 ], [ 29.2656312, 40.9898725 ], [ 29.2646493, 40.9901334 ], [ 29.2641022, 40.9903005 ], [ 29.2638205, 40.9902355 ], [ 29.2633292, 40.9900049 ], [ 29.2630964, 40.989819 ], [ 29.2624938, 40.9897931 ], [ 29.2617714, 40.9897309 ], [ 29.2609582, 40.989625 ], [ 29.2605846, 40.9895725 ], [ 29.2603192, 40.9895299 ], [ 29.2599077, 40.9894721 ], [ 29.2583762, 40.9891964 ], [ 29.2575776, 40.9890474 ], [ 29.2572702, 40.9889836 ], [ 29.2570277, 40.9889177 ], [ 29.2564514, 40.9887751 ], [ 29.2552971, 40.9885078 ], [ 29.2552073, 40.988473 ], [ 29.2551322, 40.9884218 ], [ 29.2546547, 40.9879744 ], [ 29.2544969, 40.9879025 ], [ 29.2544406, 40.9878769 ] ] ] } },
{ "type": "Feature", "properties": { "element": "relation", "id": 7772852, "name": "Ahmet Yesevi Mahallesi" }, "geometry": { "type": "Polygon", "coordinates": [ [ [ 29.2623984, 40.9712266 ], [ 29.2624357, 40.9714075 ], [ 29.2624597, 40.9715236 ], [ 29.2625794, 40.9719618 ], [ 29.2626258, 40.9720766 ], [ 29.2626672, 40.9721612 ], [ 29.2627063, 40.972231 ], [ 29.2628603, 40.9724355 ], [ 29.2630666, 40.9726958 ], [ 29.2632549, 40.972922 ], [ 29.2634428, 40.9731762 ], [ 29.2635495, 40.9733616 ], [ 29.2637595, 40.9737686 ], [ 29.2637931, 40.9738451 ], [ 29.2638867, 40.9740064 ], [ 29.2639614, 40.9742016 ], [ 29.2641571, 40.9749418 ], [ 29.2642186, 40.975135 ], [ 29.2643328, 40.9753546 ], [ 29.2647672, 40.9760763 ], [ 29.2649659, 40.976426 ], [ 29.2650394, 40.9766568 ], [ 29.2650881, 40.9766586 ], [ 29.2652773, 40.9767876 ], [ 29.2660284, 40.9772118 ], [ 29.2662493, 40.9768758 ], [ 29.2662819, 40.9767926 ], [ 29.2663505, 40.9764917 ], [ 29.2665612, 40.9764681 ], [ 29.2670222, 40.9764599 ], [ 29.2674591, 40.9763194 ], [ 29.267697, 40.9762525 ], [ 29.2680494, 40.9761474 ], [ 29.2683744, 40.9760862 ], [ 29.2686038, 40.9760759 ], [ 29.2687547, 40.9760792 ], [ 29.2688147, 40.9760749 ], [ 29.2691309, 40.9761159 ], [ 29.2695701, 40.9761088 ], [ 29.2698587, 40.9760808 ], [ 29.2700282, 40.9760531 ], [ 29.2704051, 40.9760348 ], [ 29.2706391, 40.976034 ], [ 29.2708165, 40.9760425 ], [ 29.2711042, 40.9760709 ], [ 29.2713216, 40.9761095 ], [ 29.2715324, 40.9761109 ], [ 29.2718103, 40.9760753 ], [ 29.272261, 40.9759877 ], [ 29.2724862, 40.9759518 ], [ 29.2725862, 40.9759521 ], [ 29.2726898, 40.9759637 ], [ 29.2731107, 40.9760303 ], [ 29.2735805, 40.9761185 ], [ 29.2738342, 40.9761533 ], [ 29.2742322, 40.9761848 ], [ 29.2745205, 40.9762155 ], [ 29.2747625, 40.9762502 ], [ 29.2752065, 40.9763299 ], [ 29.2756795, 40.9764262 ], [ 29.2757859, 40.9764525 ], [ 29.2760265, 40.9765238 ], [ 29.2764516, 40.9766743 ], [ 29.2765461, 40.9767013 ], [ 29.2766388, 40.9767345 ], [ 29.2770663, 40.9768142 ], [ 29.2772297, 40.976839 ], [ 29.2775103, 40.9768887 ], [ 29.2776875, 40.9769124 ], [ 29.2778611, 40.9769281 ], [ 29.278223, 40.9769304 ], [ 29.2784974, 40.9769398 ], [ 29.2787216, 40.9769442 ], [ 29.2789649, 40.9769423 ], [ 29.2789877, 40.9769469 ], [ 29.2801569, 40.9767721 ], [ 29.2803856, 40.9767436 ], [ 29.280555, 40.9767309 ], [ 29.2808309, 40.976735 ], [ 29.2893285, 40.97703 ], [ 29.290008, 40.9767307 ], [ 29.2902062, 40.9760894 ], [ 29.2898665, 40.9756405 ], [ 29.2889887, 40.9757474 ], [ 29.2901496, 40.9740158 ], [ 29.2905177, 40.972498 ], [ 29.2834987, 40.9712392 ], [ 29.2834964, 40.9712294 ], [ 29.2834887, 40.9711972 ], [ 29.2834756, 40.97117 ], [ 29.2834338, 40.9711081 ], [ 29.2833012, 40.9709656 ], [ 29.2832429, 40.9709088 ], [ 29.2831354, 40.9708405 ], [ 29.2830649, 40.9708014 ], [ 29.2829426, 40.9707481 ], [ 29.2828812, 40.9707287 ], [ 29.282788, 40.970715 ], [ 29.2825588, 40.9706959 ], [ 29.2822981, 40.970681 ], [ 29.2822041, 40.97067 ], [ 29.2819867, 40.9706121 ], [ 29.2817438, 40.9705375 ], [ 29.281406, 40.9704049 ], [ 29.2810634, 40.9702865 ], [ 29.2805667, 40.9700918 ], [ 29.2802344, 40.9699415 ], [ 29.2798308, 40.9697981 ], [ 29.2796397, 40.9697183 ], [ 29.2793242, 40.969567 ], [ 29.2791449, 40.9695078 ], [ 29.2788912, 40.9694303 ], [ 29.2786029, 40.9693618 ], [ 29.2785276, 40.9693391 ], [ 29.2783101, 40.9692576 ], [ 29.2777622, 40.9690854 ], [ 29.2776941, 40.969073 ], [ 29.2774168, 40.9689782 ], [ 29.277203, 40.9689134 ], [ 29.2770354, 40.9688541 ], [ 29.2767128, 40.9687498 ], [ 29.2762515, 40.9685752 ], [ 29.2758698, 40.9683863 ], [ 29.2756112, 40.968201 ], [ 29.2755637, 40.9681628 ], [ 29.2754533, 40.96807 ], [ 29.27536, 40.967975 ], [ 29.2752354, 40.9678178 ], [ 29.2748527, 40.9672173 ], [ 29.2748151, 40.9671724 ], [ 29.2749412, 40.9671434 ], [ 29.2751847, 40.9671089 ], [ 29.2751543, 40.967019 ], [ 29.27508, 40.9668801 ], [ 29.2748642, 40.9665827 ], [ 29.2748054, 40.9664796 ], [ 29.2746495, 40.9661621 ], [ 29.274426, 40.9661552 ], [ 29.2742211, 40.9661331 ], [ 29.274071, 40.966097 ], [ 29.2738264, 40.9660038 ], [ 29.2734868, 40.9658988 ], [ 29.2732314, 40.9661117 ], [ 29.2727814, 40.9665066 ], [ 29.2718134, 40.9673087 ], [ 29.2714208, 40.9676056 ], [ 29.2710342, 40.9678854 ], [ 29.270494, 40.9682541 ], [ 29.2700054, 40.9685589 ], [ 29.2690006, 40.969117 ], [ 29.2683935, 40.9694254 ], [ 29.2673616, 40.9698764 ], [ 29.2667836, 40.9700994 ], [ 29.2663191, 40.9702675 ], [ 29.265413, 40.9705611 ], [ 29.2646151, 40.9707742 ], [ 29.2641116, 40.970895 ], [ 29.2635516, 40.971024 ], [ 29.2626808, 40.9711852 ], [ 29.2623984, 40.9712266 ] ] ] } },
{ "type": "Feature", "properties": { "element": "relation", "id": 8320926, "name": "Hamidiye Mahallesi" }, "geometry": { "type": "Polygon", "coordinates": [ [ [ 29.2793753, 40.9550269 ], [ 29.2797946, 40.9554632 ], [ 29.2806382, 40.9567985 ], [ 29.2809374, 40.9576893 ], [ 29.2811457, 40.9580084 ], [ 29.2812254, 40.9581716 ], [ 29.2814279, 40.958464 ], [ 29.2814813, 40.958561 ], [ 29.2815228, 40.958652 ], [ 29.2815596, 40.9587006 ], [ 29.2815955, 40.9587985 ], [ 29.2817135, 40.9590817 ], [ 29.281816, 40.959349 ], [ 29.2819238, 40.9595971 ], [ 29.2820171, 40.9597852 ], [ 29.2821424, 40.9600155 ], [ 29.2822558, 40.9602054 ], [ 29.2824545, 40.9605372 ], [ 29.2834766, 40.96014 ], [ 29.2845272, 40.9597551 ], [ 29.2853661, 40.9594433 ], [ 29.2861977, 40.9591325 ], [ 29.2870147, 40.9587949 ], [ 29.2880292, 40.9583564 ], [ 29.2885173, 40.9581345 ], [ 29.2889763, 40.957908 ], [ 29.2893844, 40.9577147 ], [ 29.2900881, 40.9573299 ], [ 29.2908201, 40.9569239 ], [ 29.2920006, 40.9562553 ], [ 29.2933119, 40.9554894 ], [ 29.2941515, 40.9550498 ], [ 29.295144, 40.9545469 ], [ 29.2956714, 40.9542892 ], [ 29.2968448, 40.9537575 ], [ 29.2974124, 40.9535258 ], [ 29.2972925, 40.952985 ], [ 29.2971925, 40.9521663 ], [ 29.2969708, 40.9521943 ], [ 29.2967948, 40.9522073 ], [ 29.2966675, 40.9521999 ], [ 29.2963666, 40.9520703 ], [ 29.2958815, 40.9517714 ], [ 29.2956252, 40.9516403 ], [ 29.2950718, 40.9513816 ], [ 29.2944118, 40.951095 ], [ 29.2943448, 40.9510016 ], [ 29.2940588, 40.9507869 ], [ 29.2939096, 40.9506832 ], [ 29.2937956, 40.9505864 ], [ 29.2933773, 40.9502079 ], [ 29.2931031, 40.9502757 ], [ 29.2928857, 40.9500241 ], [ 29.2927949, 40.9499273 ], [ 29.2926194, 40.9497616 ], [ 29.292478, 40.9496415 ], [ 29.2922775, 40.9494957 ], [ 29.292178, 40.9494012 ], [ 29.2921561, 40.9493803 ], [ 29.2920943, 40.9493051 ], [ 29.2918154, 40.9490575 ], [ 29.2916384, 40.9488875 ], [ 29.2911823, 40.948471 ], [ 29.2907619, 40.9481188 ], [ 29.2903671, 40.9477664 ], [ 29.2902741, 40.9476511 ], [ 29.2901781, 40.9475499 ], [ 29.2908053, 40.94734 ], [ 29.2908483, 40.9473062 ], [ 29.2908793, 40.9472818 ], [ 29.2907543, 40.9472652 ], [ 29.2901731, 40.9472463 ], [ 29.2899558, 40.9472658 ], [ 29.2896009, 40.94728 ], [ 29.289299, 40.9473364 ], [ 29.2889035, 40.947424 ], [ 29.288533, 40.9474841 ], [ 29.2883581, 40.9474963 ], [ 29.2878072, 40.9475102 ], [ 29.2868853, 40.94757 ], [ 29.2855823, 40.9476862 ], [ 29.2850548, 40.9476886 ], [ 29.284772, 40.9477012 ], [ 29.2846228, 40.9477197 ], [ 29.2845022, 40.9477524 ], [ 29.283809, 40.9480145 ], [ 29.2835697, 40.9480977 ], [ 29.2835331, 40.9481592 ], [ 29.2832241, 40.9488043 ], [ 29.2830903, 40.9491086 ], [ 29.2830078, 40.9492496 ], [ 29.2828577, 40.9494975 ], [ 29.2824929, 40.9499551 ], [ 29.2822095, 40.950379 ], [ 29.2821215, 40.9505564 ], [ 29.282041, 40.9507982 ], [ 29.2820364, 40.9509492 ], [ 29.2820584, 40.9509876 ], [ 29.282239, 40.951159 ], [ 29.282434, 40.9513288 ], [ 29.2822401, 40.9514049 ], [ 29.2818803, 40.9515858 ], [ 29.2816109, 40.951756 ], [ 29.2813518, 40.9519718 ], [ 29.2811531, 40.9521134 ], [ 29.2810182, 40.9522186 ], [ 29.280659, 40.9525242 ], [ 29.2803997, 40.9528368 ], [ 29.280356, 40.9529296 ], [ 29.2801246, 40.9532135 ], [ 29.2799547, 40.9534347 ], [ 29.2798601, 40.9536627 ], [ 29.2798333, 40.9538086 ], [ 29.2798408, 40.9539732 ], [ 29.2798712, 40.9541359 ], [ 29.2799391, 40.9543637 ], [ 29.2800534, 40.9546779 ], [ 29.2793753, 40.9550269 ] ] ] } },
{ "type": "Feature", "properties": { "element": "relation", "id": 9268920, "name": "Ertuğrul Gazi Mahallesi" }, "geometry": { "type": "Polygon", "coordinates": [ [ [ 29.2498129, 40.9228226 ], [ 29.2505936, 40.9252856 ], [ 29.2508694, 40.9259703 ], [ 29.2529156, 40.9289999 ], [ 29.2551524, 40.9306471 ], [ 29.2551653, 40.9320913 ], [ 29.2560121, 40.9320725 ], [ 29.2565716, 40.9321587 ], [ 29.2568134, 40.9321766 ], [ 29.2576706, 40.9321385 ], [ 29.265055, 40.9240818 ], [ 29.2660922, 40.9233935 ], [ 29.2662797, 40.9232582 ], [ 29.2688369, 40.9216006 ], [ 29.2686381, 40.921098 ], [ 29.2680152, 40.9208252 ], [ 29.2677887, 40.9206808 ], [ 29.2676967, 40.9204454 ], [ 29.2682347, 40.9197769 ], [ 29.2678737, 40.9195843 ], [ 29.2675764, 40.9195255 ], [ 29.2678383, 40.9191885 ], [ 29.2677533, 40.9182846 ], [ 29.2675056, 40.917402 ], [ 29.2677675, 40.9164125 ], [ 29.2679799, 40.916006 ], [ 29.2679091, 40.9152411 ], [ 29.2686594, 40.9148613 ], [ 29.2679445, 40.9132031 ], [ 29.2682913, 40.9130586 ], [ 29.2682347, 40.9125558 ], [ 29.2685178, 40.9122188 ], [ 29.2688717, 40.9121011 ], [ 29.2691053, 40.9120797 ], [ 29.2698485, 40.9121225 ], [ 29.2700113, 40.9123044 ], [ 29.2704998, 40.9125933 ], [ 29.271066, 40.9127109 ], [ 29.2707515, 40.9113521 ], [ 29.2684211, 40.9096889 ], [ 29.2680027, 40.9100781 ], [ 29.2678632, 40.9100781 ], [ 29.2673268, 40.9093882 ], [ 29.2667062, 40.9096972 ], [ 29.2661717, 40.9098667 ], [ 29.2654812, 40.9099179 ], [ 29.2650559, 40.9098807 ], [ 29.2641686, 40.9096608 ], [ 29.2631581, 40.9095292 ], [ 29.2620654, 40.9094722 ], [ 29.2613331, 40.9095545 ], [ 29.2606094, 40.9096229 ], [ 29.2600176, 40.9096932 ], [ 29.2592515, 40.9097781 ], [ 29.2591912, 40.9100161 ], [ 29.2592207, 40.9107328 ], [ 29.2590851, 40.9113801 ], [ 29.2586969, 40.9118691 ], [ 29.2585428, 40.9137644 ], [ 29.2583703, 40.9141183 ], [ 29.2563861, 40.9149658 ], [ 29.2554063, 40.9152731 ], [ 29.2546237, 40.9154035 ], [ 29.2539459, 40.9154221 ], [ 29.2540014, 40.9162876 ], [ 29.2537364, 40.9169728 ], [ 29.2536935, 40.9172823 ], [ 29.2539717, 40.9177772 ], [ 29.2542483, 40.9181224 ], [ 29.2544912, 40.9184426 ], [ 29.2545448, 40.9187855 ], [ 29.2545078, 40.919019 ], [ 29.2544815, 40.9195524 ], [ 29.2540639, 40.9204686 ], [ 29.25379, 40.9216322 ], [ 29.2536112, 40.9220278 ], [ 29.253526, 40.92198 ], [ 29.2532812, 40.9221103 ], [ 29.2531175, 40.9221334 ], [ 29.2526569, 40.9222501 ], [ 29.2525377, 40.9223168 ], [ 29.2519026, 40.9224674 ], [ 29.2517075, 40.9225053 ], [ 29.251333, 40.9226018 ], [ 29.2512397, 40.9226064 ], [ 29.2511803, 40.9225978 ], [ 29.251108, 40.9225756 ], [ 29.2510346, 40.9225767 ], [ 29.2498129, 40.9228226 ] ] ] } },
{ "type": "Feature", "properties": { "element": "relation", "id": 9286522, "name": "Yakacık Yeni Mahallesi" }, "geometry": { "type": "Polygon", "coordinates": [ [ [ 29.2153367, 40.9267715 ], [ 29.2157994, 40.9270218 ], [ 29.2162125, 40.9272376 ], [ 29.2166483, 40.927421 ], [ 29.2172907, 40.9276429 ], [ 29.2174999, 40.9276946 ], [ 29.2190972, 40.928108 ], [ 29.2193936, 40.9282154 ], [ 29.2197087, 40.9283785 ], [ 29.2205456, 40.9287848 ], [ 29.2212926, 40.9291648 ], [ 29.2214817, 40.9292347 ], [ 29.2216372, 40.9292448 ], [ 29.2216314, 40.9294262 ], [ 29.2216238, 40.9296633 ], [ 29.2214334, 40.9299663 ], [ 29.2210793, 40.9304313 ], [ 29.2208165, 40.9307971 ], [ 29.2204839, 40.9312237 ], [ 29.2200454, 40.9318478 ], [ 29.2200024, 40.93202 ], [ 29.2200105, 40.9321193 ], [ 29.2201044, 40.9323696 ], [ 29.2201875, 40.932711 ], [ 29.2202224, 40.9332348 ], [ 29.22015, 40.9336117 ], [ 29.2200011, 40.9338569 ], [ 29.2196645, 40.9343371 ], [ 29.2194875, 40.9346978 ], [ 29.2193721, 40.9352145 ], [ 29.2192863, 40.9356279 ], [ 29.2193171, 40.9359977 ], [ 29.2193761, 40.9361355 ], [ 29.219588, 40.9365123 ], [ 29.2197798, 40.9367889 ], [ 29.2201352, 40.9373694 ], [ 29.22015, 40.9375042 ], [ 29.2200936, 40.937643 ], [ 29.2199461, 40.9377889 ], [ 29.2194982, 40.9380594 ], [ 29.2181987, 40.9388708 ], [ 29.2179519, 40.9390147 ], [ 29.2176957, 40.9392447 ], [ 29.2174999, 40.9395243 ], [ 29.2174275, 40.9396408 ], [ 29.2172934, 40.9400075 ], [ 29.21728, 40.9401423 ], [ 29.2173256, 40.9404168 ], [ 29.2173859, 40.940747 ], [ 29.2174114, 40.9410712 ], [ 29.2173578, 40.9413488 ], [ 29.217239, 40.9418159 ], [ 29.2171248, 40.9422839 ], [ 29.2170389, 40.9427853 ], [ 29.2170362, 40.9431719 ], [ 29.2171596, 40.9437385 ], [ 29.2171617, 40.9440085 ], [ 29.2171499, 40.9443058 ], [ 29.2170708, 40.944592 ], [ 29.2169488, 40.9448721 ], [ 29.2162998, 40.9460384 ], [ 29.2180041, 40.9478277 ], [ 29.2197532, 40.9497736 ], [ 29.2205723, 40.9508829 ], [ 29.2208626, 40.9513497 ], [ 29.2211252, 40.9518211 ], [ 29.2225237, 40.9519931 ], [ 29.2229303, 40.9520299 ], [ 29.2233043, 40.952079 ], [ 29.223597, 40.9522141 ], [ 29.2238247, 40.9523861 ], [ 29.2241011, 40.9525703 ], [ 29.2243451, 40.9526808 ], [ 29.224654, 40.9527668 ], [ 29.2249142, 40.9528037 ], [ 29.2250931, 40.9528282 ], [ 29.2252557, 40.9529265 ], [ 29.2255159, 40.9529142 ], [ 29.2256948, 40.9529633 ], [ 29.2259062, 40.9529633 ], [ 29.2260688, 40.9529019 ], [ 29.2263941, 40.9527914 ], [ 29.2266055, 40.9525949 ], [ 29.2268006, 40.952558 ], [ 29.2271258, 40.9524843 ], [ 29.2273535, 40.9524229 ], [ 29.2274673, 40.9523124 ], [ 29.2276137, 40.9521527 ], [ 29.2277926, 40.952079 ], [ 29.2279877, 40.9519071 ], [ 29.2281991, 40.9516983 ], [ 29.2287525, 40.9508839 ], [ 29.2289208, 40.9504888 ], [ 29.2289581, 40.950332 ], [ 29.2289305, 40.9500738 ], [ 29.2287462, 40.949436 ], [ 29.2293423, 40.9494274 ], [ 29.2295876, 40.9494207 ], [ 29.2297436, 40.94932 ], [ 29.2299405, 40.9492832 ], [ 29.2301206, 40.9493085 ], [ 29.2303188, 40.9494262 ], [ 29.2304604, 40.9494796 ], [ 29.2305595, 40.9496079 ], [ 29.2306869, 40.9497149 ], [ 29.2308426, 40.9498111 ], [ 29.2310691, 40.9498539 ], [ 29.2312673, 40.9497897 ], [ 29.2314655, 40.9497042 ], [ 29.2315929, 40.9496507 ], [ 29.2317203, 40.9495759 ], [ 29.2318194, 40.9494262 ], [ 29.2320034, 40.9492444 ], [ 29.2320742, 40.9491375 ], [ 29.2324706, 40.9491588 ], [ 29.2325839, 40.9492551 ], [ 29.2327113, 40.9493299 ], [ 29.2328812, 40.9492979 ], [ 29.2331926, 40.9492123 ], [ 29.2334899, 40.9492658 ], [ 29.2336456, 40.9492979 ], [ 29.2338438, 40.9493941 ], [ 29.2339571, 40.9494475 ], [ 29.2342119, 40.9494475 ], [ 29.2343393, 40.9494689 ], [ 29.234495, 40.9495117 ], [ 29.2346366, 40.9495759 ], [ 29.2347074, 40.9496507 ], [ 29.2349481, 40.9497042 ], [ 29.2352453, 40.9498325 ], [ 29.2354152, 40.9498859 ], [ 29.2356134, 40.9499073 ], [ 29.235939, 40.9498646 ], [ 29.2362222, 40.9498325 ], [ 29.2364911, 40.9498752 ], [ 29.2368734, 40.9498966 ], [ 29.2371848, 40.9498966 ], [ 29.2375954, 40.9499394 ], [ 29.2378927, 40.9499608 ], [ 29.2381758, 40.949918 ], [ 29.2383457, 40.9499715 ], [ 29.2385439, 40.9500463 ], [ 29.2387704, 40.950057 ], [ 29.2389969, 40.9499608 ], [ 29.2392376, 40.9498325 ], [ 29.2399029, 40.9497576 ], [ 29.2407099, 40.9497255 ], [ 29.2411487, 40.9498218 ], [ 29.241531, 40.9498218 ], [ 29.2418424, 40.9498539 ], [ 29.2420831, 40.9498325 ], [ 29.2425078, 40.9498646 ], [ 29.2428759, 40.9499929 ], [ 29.2434846, 40.9502174 ], [ 29.2443057, 40.9505916 ], [ 29.2450277, 40.9507627 ], [ 29.245325, 40.9508162 ], [ 29.245509, 40.9509659 ], [ 29.245962, 40.9511476 ], [ 29.2463584, 40.9512545 ], [ 29.2465976, 40.9512968 ], [ 29.2466739, 40.9511027 ], [ 29.2466168, 40.9509398 ], [ 29.2478974, 40.9488775 ], [ 29.2481047, 40.9487259 ], [ 29.2488749, 40.947473 ], [ 29.2493037, 40.9469952 ], [ 29.2496315, 40.9467177 ], [ 29.2498894, 40.9465262 ], [ 29.2498955, 40.9463688 ], [ 29.24992, 40.9457693 ], [ 29.2502256, 40.9446688 ], [ 29.2505755, 40.9444033 ], [ 29.2502921, 40.9434378 ], [ 29.2501615, 40.9430232 ], [ 29.2501916, 40.9427927 ], [ 29.2502596, 40.9425258 ], [ 29.250623, 40.9421012 ], [ 29.2505107, 40.9417854 ], [ 29.2504299, 40.9414353 ], [ 29.2504194, 40.9411578 ], [ 29.2504902, 40.9408625 ], [ 29.2507161, 40.9404571 ], [ 29.2516658, 40.9395296 ], [ 29.2518939, 40.9392766 ], [ 29.2521342, 40.9392406 ], [ 29.2522517, 40.939213 ], [ 29.2523114, 40.9391318 ], [ 29.2520862, 40.9389121 ], [ 29.2519167, 40.9387021 ], [ 29.2519, 40.9377313 ], [ 29.2520699, 40.9361614 ], [ 29.2520987, 40.9356393 ], [ 29.2522777, 40.9348136 ], [ 29.2524565, 40.9346507 ], [ 29.2527125, 40.9344927 ], [ 29.253501, 40.9337727 ], [ 29.2537847, 40.9335108 ], [ 29.2539361, 40.9333418 ], [ 29.2541831, 40.9329801 ], [ 29.2545412, 40.9326064 ], [ 29.2551653, 40.9320913 ], [ 29.2551524, 40.9306471 ], [ 29.2529156, 40.9289999 ], [ 29.2508694, 40.9259703 ], [ 29.2505936, 40.9252856 ], [ 29.250424, 40.9253846 ], [ 29.2492537, 40.9270253 ], [ 29.248556, 40.9273456 ], [ 29.2478766, 40.9269865 ], [ 29.2456484, 40.9279631 ], [ 29.2447311, 40.9279955 ], [ 29.2456993, 40.9299065 ], [ 29.2459622, 40.9298903 ], [ 29.2462411, 40.9299227 ], [ 29.2464074, 40.9299632 ], [ 29.2466944, 40.9299977 ], [ 29.2468634, 40.9300909 ], [ 29.247314, 40.9302935 ], [ 29.2473704, 40.9303543 ], [ 29.2473113, 40.9304435 ], [ 29.2472148, 40.93048 ], [ 29.2467964, 40.930561 ], [ 29.2465657, 40.9306502 ], [ 29.2462867, 40.9307069 ], [ 29.2459649, 40.9308082 ], [ 29.2452353, 40.9306056 ], [ 29.2449403, 40.9308245 ], [ 29.2445701, 40.9309825 ], [ 29.2444575, 40.9312824 ], [ 29.2441946, 40.9313716 ], [ 29.2439693, 40.9316877 ], [ 29.2437477, 40.932204 ], [ 29.2435187, 40.9327374 ], [ 29.2432612, 40.9331426 ], [ 29.2430627, 40.9334344 ], [ 29.2428964, 40.9339937 ], [ 29.2429447, 40.9343827 ], [ 29.2429125, 40.9345894 ], [ 29.2427194, 40.9347069 ], [ 29.2424887, 40.9348609 ], [ 29.2422527, 40.9350757 ], [ 29.2419879, 40.9353348 ], [ 29.2417806, 40.9355296 ], [ 29.2415231, 40.9360362 ], [ 29.2415768, 40.9363604 ], [ 29.2417914, 40.9366035 ], [ 29.2419416, 40.9369601 ], [ 29.241668, 40.937106 ], [ 29.2414266, 40.9367981 ], [ 29.2411745, 40.9366805 ], [ 29.2406702, 40.9363604 ], [ 29.2397529, 40.9362793 ], [ 29.2392433, 40.9365387 ], [ 29.2387283, 40.9365508 ], [ 29.2384601, 40.9367211 ], [ 29.2372718, 40.9342389 ], [ 29.2368829, 40.9339957 ], [ 29.2369151, 40.9327272 ], [ 29.2362875, 40.9322227 ], [ 29.2360997, 40.9319592 ], [ 29.2379397, 40.9310433 ], [ 29.237532, 40.9307353 ], [ 29.2365986, 40.9298031 ], [ 29.2363197, 40.9295275 ], [ 29.2371511, 40.9288223 ], [ 29.2379665, 40.9287453 ], [ 29.2384601, 40.9283562 ], [ 29.2388731, 40.928413 ], [ 29.2397422, 40.927728 ], [ 29.2400694, 40.9278456 ], [ 29.2411315, 40.9265405 ], [ 29.2410779, 40.9255434 ], [ 29.2405361, 40.9244004 ], [ 29.2371619, 40.9242707 ], [ 29.2358583, 40.9242626 ], [ 29.2348337, 40.9238249 ], [ 29.2342061, 40.922998 ], [ 29.2335516, 40.9227751 ], [ 29.2332566, 40.9227183 ], [ 29.2324626, 40.9225683 ], [ 29.232173, 40.922317 ], [ 29.2307997, 40.9222279 ], [ 29.2303383, 40.9223414 ], [ 29.230282, 40.9226656 ], [ 29.2300031, 40.9228298 ], [ 29.2294103, 40.9228622 ], [ 29.2292896, 40.9228764 ], [ 29.2290214, 40.9228784 ], [ 29.2288363, 40.922846 ], [ 29.2286351, 40.9228602 ], [ 29.2284983, 40.9229068 ], [ 29.228383, 40.9229554 ], [ 29.2282408, 40.9230081 ], [ 29.2281201, 40.9230183 ], [ 29.2278975, 40.9229838 ], [ 29.2277124, 40.9229068 ], [ 29.2275032, 40.922773 ], [ 29.2273825, 40.9226454 ], [ 29.2272779, 40.9224913 ], [ 29.227168, 40.9223799 ], [ 29.227066, 40.9222542 ], [ 29.2269346, 40.9220596 ], [ 29.2267402, 40.9215195 ], [ 29.2266181, 40.9211517 ], [ 29.226535, 40.9208872 ], [ 29.2265037, 40.9208024 ], [ 29.2264438, 40.9206825 ], [ 29.2265604, 40.9205579 ], [ 29.2266154, 40.9204383 ], [ 29.2266302, 40.9202366 ], [ 29.2266852, 40.9201535 ], [ 29.2267415, 40.9200329 ], [ 29.2266986, 40.919964 ], [ 29.2265403, 40.919889 ], [ 29.2263874, 40.9198424 ], [ 29.2262185, 40.9197836 ], [ 29.2261487, 40.919737 ], [ 29.2260334, 40.9196235 ], [ 29.2258202, 40.9193661 ], [ 29.2256927, 40.9192303 ], [ 29.2257155, 40.9192151 ], [ 29.2257062, 40.9191635 ], [ 29.22568, 40.9190916 ], [ 29.2254751, 40.9190111 ], [ 29.2252629, 40.918961 ], [ 29.2250703, 40.9189033 ], [ 29.2249029, 40.9189496 ], [ 29.224703, 40.9191168 ], [ 29.224349, 40.9191331 ], [ 29.2236784, 40.9191655 ], [ 29.2231286, 40.9192202 ], [ 29.2228352, 40.9191999 ], [ 29.2226887, 40.9191898 ], [ 29.2220342, 40.9190864 ], [ 29.221597, 40.9190033 ], [ 29.2208728, 40.9189628 ], [ 29.219698, 40.9190175 ], [ 29.2184696, 40.9188655 ], [ 29.2176847, 40.9187397 ], [ 29.217335, 40.9194634 ], [ 29.2171794, 40.9197999 ], [ 29.216938, 40.9205741 ], [ 29.2170078, 40.9217739 ], [ 29.216879, 40.921936 ], [ 29.2170721, 40.9222643 ], [ 29.2171794, 40.922463 ], [ 29.2172974, 40.9226372 ], [ 29.2175549, 40.923148 ], [ 29.2177105, 40.9233304 ], [ 29.2179143, 40.9234803 ], [ 29.2182523, 40.9239627 ], [ 29.2179921, 40.9239647 ], [ 29.2177373, 40.9239302 ], [ 29.2174986, 40.9239201 ], [ 29.2170989, 40.9239525 ], [ 29.2169407, 40.9242525 ], [ 29.2168602, 40.9244876 ], [ 29.2158008, 40.9253104 ], [ 29.2157418, 40.9254238 ], [ 29.2157364, 40.9255819 ], [ 29.2158303, 40.9259264 ], [ 29.2157766, 40.9260744 ], [ 29.2159241, 40.9264007 ], [ 29.2154494, 40.9267046 ], [ 29.2153367, 40.9267715 ] ] ] } },
{ "type": "Feature", "properties": { "element": "relation", "id": 9361618, "name": "Çamlık Mahallesi" }, "geometry": { "type": "Polygon", "coordinates": [ [ [ 29.2576706, 40.9321385 ], [ 29.2735697, 40.9317408 ], [ 29.2739926, 40.931894 ], [ 29.274377, 40.9320501 ], [ 29.2745173, 40.9321028 ], [ 29.2746214, 40.9321375 ], [ 29.2749109, 40.9322072 ], [ 29.2770119, 40.9324632 ], [ 29.2779169, 40.9326307 ], [ 29.2781275, 40.9327282 ], [ 29.2786854, 40.9329866 ], [ 29.2790092, 40.9332313 ], [ 29.2791886, 40.9334121 ], [ 29.2793885, 40.9336674 ], [ 29.2797553, 40.934283 ], [ 29.28027, 40.9346357 ], [ 29.2817228, 40.9348322 ], [ 29.2829437, 40.9350999 ], [ 29.2834378, 40.9352536 ], [ 29.2835499, 40.935115 ], [ 29.2838611, 40.9346854 ], [ 29.2841561, 40.9341991 ], [ 29.2842956, 40.9338952 ], [ 29.2843331, 40.9337331 ], [ 29.2843761, 40.9336439 ], [ 29.2844243, 40.9334088 ], [ 29.2844404, 40.9332062 ], [ 29.2844726, 40.9329874 ], [ 29.2844136, 40.9327969 ], [ 29.2843224, 40.9326307 ], [ 29.2843278, 40.9324443 ], [ 29.2843707, 40.9323065 ], [ 29.2845477, 40.932116 ], [ 29.2849393, 40.9317715 ], [ 29.2857601, 40.9311677 ], [ 29.2860229, 40.930961 ], [ 29.286157, 40.9308029 ], [ 29.2862214, 40.9306732 ], [ 29.2864896, 40.9298991 ], [ 29.286554, 40.9296924 ], [ 29.2868651, 40.9286427 ], [ 29.2871387, 40.9277389 ], [ 29.2874016, 40.9269283 ], [ 29.2874391, 40.9267662 ], [ 29.2875196, 40.9265635 ], [ 29.2876859, 40.9263447 ], [ 29.2880024, 40.9260326 ], [ 29.2884798, 40.9256192 ], [ 29.2906792, 40.9237709 ], [ 29.2911352, 40.9233818 ], [ 29.2914303, 40.9231629 ], [ 29.2915, 40.9230373 ], [ 29.2914732, 40.9228468 ], [ 29.2913337, 40.9223117 ], [ 29.2912586, 40.9218658 ], [ 29.2912747, 40.9217159 ], [ 29.2913176, 40.921424 ], [ 29.2914732, 40.9202647 ], [ 29.2915054, 40.9200013 ], [ 29.2915536, 40.919677 ], [ 29.2917682, 40.9191622 ], [ 29.2919023, 40.9187852 ], [ 29.2921813, 40.918092 ], [ 29.292369, 40.9176988 ], [ 29.2922886, 40.9176097 ], [ 29.2920311, 40.917634 ], [ 29.2914624, 40.9177232 ], [ 29.2903788, 40.9179461 ], [ 29.2896385, 40.918015 ], [ 29.2888178, 40.9178934 ], [ 29.287879, 40.9178002 ], [ 29.2873372, 40.9177353 ], [ 29.2871451, 40.9177498 ], [ 29.2866247, 40.917842 ], [ 29.2863155, 40.9179464 ], [ 29.2846611, 40.9178109 ], [ 29.2824134, 40.9177663 ], [ 29.2813191, 40.9173569 ], [ 29.2807155, 40.9174129 ], [ 29.2799565, 40.9179041 ], [ 29.2788621, 40.9189134 ], [ 29.2783954, 40.9191404 ], [ 29.277859, 40.9191729 ], [ 29.2764267, 40.9189823 ], [ 29.2745867, 40.9190958 ], [ 29.2728433, 40.9194931 ], [ 29.2714485, 40.9199511 ], [ 29.2705993, 40.9204505 ], [ 29.2688369, 40.9216006 ], [ 29.2662797, 40.9232582 ], [ 29.2660922, 40.9233935 ], [ 29.265055, 40.9240818 ], [ 29.2576706, 40.9321385 ] ] ] } },
{ "type": "Feature", "properties": { "element": "relation", "id": 9363902, "name": "Yenişehir Mahallesi" }, "geometry": { "type": "Polygon", "coordinates": [ [ [ 29.2834378, 40.9352536 ], [ 29.2843902, 40.9355499 ], [ 29.2858008, 40.9358217 ], [ 29.2883658, 40.9363035 ], [ 29.2929322, 40.9375345 ], [ 29.2956735, 40.9382302 ], [ 29.2959583, 40.9383382 ], [ 29.2963886, 40.9385013 ], [ 29.2968007, 40.9389486 ], [ 29.2972022, 40.9393296 ], [ 29.2975934, 40.9396152 ], [ 29.3000943, 40.9409083 ], [ 29.3012247, 40.9415218 ], [ 29.3023002, 40.942096 ], [ 29.302526, 40.9422488 ], [ 29.303162, 40.9428904 ], [ 29.3037175, 40.9435463 ], [ 29.3040722, 40.9440898 ], [ 29.3044564, 40.9444084 ], [ 29.3046738, 40.9445317 ], [ 29.3053645, 40.9448061 ], [ 29.3057602, 40.9450197 ], [ 29.3063065, 40.9456118 ], [ 29.3065685, 40.9459527 ], [ 29.3068515, 40.9463854 ], [ 29.3077219, 40.9471219 ], [ 29.3080605, 40.9474737 ], [ 29.3083493, 40.9479213 ], [ 29.3087049, 40.9485079 ], [ 29.3101794, 40.9474997 ], [ 29.3116126, 40.9464893 ], [ 29.3136665, 40.94512 ], [ 29.3151768, 40.9442298 ], [ 29.3158579, 40.943877 ], [ 29.3164605, 40.9435692 ], [ 29.3170876, 40.9432676 ], [ 29.3190483, 40.9424249 ], [ 29.3197667, 40.9421405 ], [ 29.3220921, 40.9412561 ], [ 29.3229292, 40.9409531 ], [ 29.323702, 40.9406419 ], [ 29.325312, 40.9399663 ], [ 29.3260734, 40.9395936 ], [ 29.327258, 40.9389875 ], [ 29.3279778, 40.9385952 ], [ 29.3287351, 40.9381543 ], [ 29.3303524, 40.9372255 ], [ 29.3311611, 40.9367651 ], [ 29.3320087, 40.9363074 ], [ 29.3316159, 40.9353641 ], [ 29.3312361, 40.9345951 ], [ 29.3308994, 40.933937 ], [ 29.3281381, 40.9350156 ], [ 29.3264429, 40.935972 ], [ 29.324898, 40.9367339 ], [ 29.3228595, 40.9379334 ], [ 29.3222801, 40.9371067 ], [ 29.3213574, 40.9356802 ], [ 29.319385, 40.936407 ], [ 29.3183991, 40.9349453 ], [ 29.3183991, 40.9343215 ], [ 29.3183128, 40.9338746 ], [ 29.3181526, 40.9329714 ], [ 29.3180786, 40.9319007 ], [ 29.3183991, 40.9318355 ], [ 29.3187195, 40.9318076 ], [ 29.3191262, 40.9312303 ], [ 29.3195082, 40.9305413 ], [ 29.3201614, 40.9300944 ], [ 29.3210364, 40.9303272 ], [ 29.3208393, 40.9299268 ], [ 29.320716, 40.9296382 ], [ 29.3208516, 40.9293868 ], [ 29.3208639, 40.9290422 ], [ 29.3208639, 40.9286605 ], [ 29.3208023, 40.9282322 ], [ 29.3158552, 40.9263134 ], [ 29.312332, 40.9249798 ], [ 29.3118082, 40.9246353 ], [ 29.3094296, 40.9231873 ], [ 29.3090907, 40.922894 ], [ 29.308875, 40.922596 ], [ 29.3087456, 40.9222281 ], [ 29.3083143, 40.9191225 ], [ 29.308228, 40.9189083 ], [ 29.3073253, 40.9177984 ], [ 29.3068436, 40.9174985 ], [ 29.3066005, 40.9176678 ], [ 29.3061765, 40.9177324 ], [ 29.3060051, 40.9176998 ], [ 29.3051373, 40.9173966 ], [ 29.3050019, 40.9172727 ], [ 29.3049461, 40.9168746 ], [ 29.3044757, 40.9169797 ], [ 29.3036538, 40.9177701 ], [ 29.3014682, 40.9193652 ], [ 29.3006837, 40.9190687 ], [ 29.2991332, 40.9185888 ], [ 29.2981058, 40.9182642 ], [ 29.2976201, 40.9182642 ], [ 29.2953785, 40.9197886 ], [ 29.2942577, 40.9203532 ], [ 29.2935361, 40.9206779 ], [ 29.2929315, 40.920946 ], [ 29.2912747, 40.9217159 ], [ 29.2912586, 40.9218658 ], [ 29.2913337, 40.9223117 ], [ 29.2914732, 40.9228468 ], [ 29.2915, 40.9230373 ], [ 29.2914303, 40.9231629 ], [ 29.2911352, 40.9233818 ], [ 29.2906792, 40.9237709 ], [ 29.2884798, 40.9256192 ], [ 29.2880024, 40.9260326 ], [ 29.2876859, 40.9263447 ], [ 29.2875196, 40.9265635 ], [ 29.2874391, 40.9267662 ], [ 29.2874016, 40.9269283 ], [ 29.2871387, 40.9277389 ], [ 29.2868651, 40.9286427 ], [ 29.286554, 40.9296924 ], [ 29.2864896, 40.9298991 ], [ 29.2862214, 40.9306732 ], [ 29.286157, 40.9308029 ], [ 29.2860229, 40.930961 ], [ 29.2857601, 40.9311677 ], [ 29.2849393, 40.9317715 ], [ 29.2845477, 40.932116 ], [ 29.2843707, 40.9323065 ], [ 29.2843278, 40.9324443 ], [ 29.2843224, 40.9326307 ], [ 29.2844136, 40.9327969 ], [ 29.2844726, 40.9329874 ], [ 29.2844404, 40.9332062 ], [ 29.2844243, 40.9334088 ], [ 29.2843761, 40.9336439 ], [ 29.2843331, 40.9337331 ], [ 29.2842956, 40.9338952 ], [ 29.2841561, 40.9341991 ], [ 29.2838611, 40.9346854 ], [ 29.2835499, 40.935115 ], [ 29.2834378, 40.9352536 ] ] ] } },
{ "type": "Feature", "properties": { "element": "relation", "id": 9432145, "name": "Kurna Mahallesi" }, "geometry": { "type": "Polygon", "coordinates": [ [ [ 29.2893285, 40.97703 ], [ 29.2893851, 40.9780347 ], [ 29.2900364, 40.9784409 ], [ 29.2900364, 40.9791249 ], [ 29.2895045, 40.9797618 ], [ 29.2904764, 40.9798349 ], [ 29.2948753, 40.9798694 ], [ 29.2965791, 40.981578 ], [ 29.2968443, 40.9818772 ], [ 29.2973711, 40.9824584 ], [ 29.2989012, 40.9839128 ], [ 29.3014627, 40.9841804 ], [ 29.3031766, 40.9842688 ], [ 29.3060967, 40.984777 ], [ 29.3091005, 40.9851408 ], [ 29.3112948, 40.9851151 ], [ 29.3140747, 40.9841482 ], [ 29.3169503, 40.9825436 ], [ 29.3221415, 40.9817905 ], [ 29.3215382, 40.9809209 ], [ 29.3216884, 40.9804997 ], [ 29.3223536, 40.9799975 ], [ 29.3234908, 40.9790742 ], [ 29.3240917, 40.9785558 ], [ 29.3249929, 40.9779564 ], [ 29.3255293, 40.9777296 ], [ 29.326731, 40.9759152 ], [ 29.3272674, 40.9754778 ], [ 29.3270957, 40.9747974 ], [ 29.328748, 40.9743761 ], [ 29.3304217, 40.9740845 ], [ 29.3316877, 40.9735499 ], [ 29.3330181, 40.9731287 ], [ 29.3346274, 40.9733393 ], [ 29.33761, 40.9743599 ], [ 29.3394554, 40.97517 ], [ 29.3413865, 40.9760124 ], [ 29.3428028, 40.9760934 ], [ 29.34394, 40.9757532 ], [ 29.3446052, 40.9754454 ], [ 29.3464506, 40.975818 ], [ 29.3479526, 40.9761906 ], [ 29.3504417, 40.976142 ], [ 29.3532097, 40.9754616 ], [ 29.3543041, 40.9752348 ], [ 29.3560421, 40.9754292 ], [ 29.3582094, 40.974765 ], [ 29.3600976, 40.9733393 ], [ 29.3615353, 40.9719946 ], [ 29.3629944, 40.9706499 ], [ 29.3652904, 40.9698884 ], [ 29.3667281, 40.9697102 ], [ 29.3677151, 40.9694348 ], [ 29.3688309, 40.9692566 ], [ 29.3700111, 40.9702287 ], [ 29.3710625, 40.9712818 ], [ 29.3717062, 40.9715248 ], [ 29.3725002, 40.9715896 ], [ 29.3732512, 40.9726265 ], [ 29.3740666, 40.9735337 ], [ 29.3751609, 40.9744571 ], [ 29.3755686, 40.9751538 ], [ 29.376148, 40.975737 ], [ 29.3790018, 40.9753968 ], [ 29.383465, 40.9751538 ], [ 29.38501, 40.9769034 ], [ 29.3884861, 40.9792847 ], [ 29.3893874, 40.9795115 ], [ 29.3905246, 40.9793495 ], [ 29.3910181, 40.9794305 ], [ 29.3918764, 40.9789284 ], [ 29.3925846, 40.978653 ], [ 29.3930137, 40.978491 ], [ 29.3931854, 40.978167 ], [ 29.3932712, 40.977438 ], [ 29.3941295, 40.976061 ], [ 29.3952238, 40.9748136 ], [ 29.3959749, 40.9739063 ], [ 29.3962538, 40.9733717 ], [ 29.3963611, 40.9727885 ], [ 29.3962967, 40.9719298 ], [ 29.3961465, 40.9712007 ], [ 29.3962109, 40.9706013 ], [ 29.3968761, 40.9698884 ], [ 29.3976915, 40.9691107 ], [ 29.3979919, 40.9687705 ], [ 29.3985498, 40.9688191 ], [ 29.3988931, 40.9687219 ], [ 29.3991935, 40.9684789 ], [ 29.3994296, 40.9682034 ], [ 29.3993437, 40.9678794 ], [ 29.3994939, 40.9672799 ], [ 29.3999016, 40.966567 ], [ 29.400202, 40.9659027 ], [ 29.4002879, 40.9652546 ], [ 29.4003308, 40.9645903 ], [ 29.4002646, 40.9643294 ], [ 29.3999806, 40.9645165 ], [ 29.3990597, 40.9593293 ], [ 29.399029, 40.9591567 ], [ 29.3958813, 40.9542212 ], [ 29.3944899, 40.9534453 ], [ 29.3942741, 40.953663 ], [ 29.3934735, 40.9537517 ], [ 29.3928255, 40.9536716 ], [ 29.3918929, 40.9535546 ], [ 29.3916213, 40.9534811 ], [ 29.3910926, 40.9531322 ], [ 29.3912277, 40.9540341 ], [ 29.3900811, 40.954592 ], [ 29.3899074, 40.9524948 ], [ 29.3884008, 40.9520463 ], [ 29.3845965, 40.9513496 ], [ 29.3822645, 40.948062 ], [ 29.3779815, 40.9485496 ], [ 29.3767537, 40.9484084 ], [ 29.3761846, 40.948218 ], [ 29.3744933, 40.9459457 ], [ 29.3741896, 40.9456623 ], [ 29.3732493, 40.9452886 ], [ 29.373542, 40.9446928 ], [ 29.3729054, 40.9442129 ], [ 29.3725582, 40.943053 ], [ 29.3727896, 40.9422114 ], [ 29.3710717, 40.9416391 ], [ 29.3701005, 40.9411559 ], [ 29.3674316, 40.9405588 ], [ 29.3660791, 40.9399077 ], [ 29.3647191, 40.9396835 ], [ 29.3601097, 40.9375435 ], [ 29.3589226, 40.9372556 ], [ 29.3570338, 40.9361962 ], [ 29.3556702, 40.9351111 ], [ 29.3502212, 40.9338859 ], [ 29.3466775, 40.9339557 ], [ 29.34253, 40.9331775 ], [ 29.3414823, 40.9328077 ], [ 29.3366223, 40.9310924 ], [ 29.3351449, 40.9304642 ], [ 29.3343393, 40.9311088 ], [ 29.3332879, 40.9320815 ], [ 29.3324511, 40.9329245 ], [ 29.3318503, 40.9335405 ], [ 29.3308994, 40.933937 ], [ 29.3312361, 40.9345951 ], [ 29.3316159, 40.9353641 ], [ 29.3320087, 40.9363074 ], [ 29.3311611, 40.9367651 ], [ 29.3303524, 40.9372255 ], [ 29.3287351, 40.9381543 ], [ 29.3279778, 40.9385952 ], [ 29.327258, 40.9389875 ], [ 29.3260734, 40.9395936 ], [ 29.325312, 40.9399663 ], [ 29.323702, 40.9406419 ], [ 29.3229292, 40.9409531 ], [ 29.3220921, 40.9412561 ], [ 29.3197667, 40.9421405 ], [ 29.3190483, 40.9424249 ], [ 29.3170876, 40.9432676 ], [ 29.3164605, 40.9435692 ], [ 29.3158579, 40.943877 ], [ 29.3151768, 40.9442298 ], [ 29.3136665, 40.94512 ], [ 29.3116126, 40.9464893 ], [ 29.3101794, 40.9474997 ], [ 29.3087049, 40.9485079 ], [ 29.3099644, 40.9492854 ], [ 29.3100263, 40.9507886 ], [ 29.3096973, 40.9513828 ], [ 29.3109092, 40.9541682 ], [ 29.3114388, 40.9548993 ], [ 29.3119449, 40.9555785 ], [ 29.3117751, 40.9590355 ], [ 29.3108029, 40.9600343 ], [ 29.3072943, 40.9590281 ], [ 29.3053442, 40.9586556 ], [ 29.3035236, 40.9584416 ], [ 29.3031744, 40.9586933 ], [ 29.3027668, 40.9589668 ], [ 29.3023489, 40.9605714 ], [ 29.3009153, 40.9617592 ], [ 29.3004182, 40.9623104 ], [ 29.2997342, 40.9634117 ], [ 29.2997127, 40.9637432 ], [ 29.2998547, 40.963955 ], [ 29.2998286, 40.9641386 ], [ 29.2989897, 40.9647178 ], [ 29.2985316, 40.9652009 ], [ 29.2978847, 40.9662207 ], [ 29.2964192, 40.9675376 ], [ 29.2953312, 40.9679228 ], [ 29.2935757, 40.9688849 ], [ 29.2930944, 40.9702746 ], [ 29.2905177, 40.972498 ], [ 29.2901496, 40.9740158 ], [ 29.2889887, 40.9757474 ], [ 29.2898665, 40.9756405 ], [ 29.2902062, 40.9760894 ], [ 29.290008, 40.9767307 ], [ 29.2893285, 40.97703 ] ] ] } },
{ "type": "Feature", "properties": { "element": "relation", "id": 9432148, "name": "Kurtdoğmuş Mahallesi" }, "geometry": { "type": "Polygon", "coordinates": [ [ [ 29.2867737, 41.0023896 ], [ 29.286913, 41.0029994 ], [ 29.2878045, 41.0059419 ], [ 29.287747, 41.0063106 ], [ 29.2886712, 41.0075226 ], [ 29.290246, 41.0078193 ], [ 29.2910594, 41.0083066 ], [ 29.291974, 41.0105917 ], [ 29.2941666, 41.0119157 ], [ 29.2933651, 41.0135714 ], [ 29.2934201, 41.0136167 ], [ 29.2943074, 41.0145703 ], [ 29.2948795, 41.015101 ], [ 29.2948815, 41.0151029 ], [ 29.2984345, 41.0158447 ], [ 29.3005875, 41.0156918 ], [ 29.3027387, 41.0154014 ], [ 29.3043117, 41.0154021 ], [ 29.3065261, 41.0157509 ], [ 29.3093219, 41.0155121 ], [ 29.3111191, 41.0160402 ], [ 29.3133439, 41.0163549 ], [ 29.3154446, 41.0170975 ], [ 29.3171728, 41.0168534 ], [ 29.3222222, 41.0166338 ], [ 29.3291557, 41.017109 ], [ 29.3358696, 41.0169638 ], [ 29.3425625, 41.0158953 ], [ 29.34492, 41.0166672 ], [ 29.3474802, 41.0203907 ], [ 29.3490474, 41.0217585 ], [ 29.352725, 41.0238231 ], [ 29.3555799, 41.0257346 ], [ 29.3585601, 41.0258291 ], [ 29.3611469, 41.0257519 ], [ 29.3643724, 41.0265401 ], [ 29.3643262, 41.0290568 ], [ 29.3609131, 41.0324736 ], [ 29.3595119, 41.0343444 ], [ 29.3592498, 41.0357691 ], [ 29.3603205, 41.0384623 ], [ 29.3617955, 41.0415897 ], [ 29.3645585, 41.0428549 ], [ 29.3654059, 41.04389 ], [ 29.363873, 41.0465308 ], [ 29.3609736, 41.0479138 ], [ 29.35929, 41.0496822 ], [ 29.3587143, 41.0515833 ], [ 29.3601615, 41.0550103 ], [ 29.3620579, 41.0574408 ], [ 29.3652716, 41.0605633 ], [ 29.3664809, 41.0594034 ], [ 29.36988, 41.0575972 ], [ 29.3760992, 41.0572311 ], [ 29.3761331, 41.0521742 ], [ 29.3782736, 41.0489577 ], [ 29.3761567, 41.0441448 ], [ 29.3753181, 41.0421077 ], [ 29.3766547, 41.0386753 ], [ 29.3759059, 41.0348941 ], [ 29.3794446, 41.0332883 ], [ 29.3818853, 41.03116 ], [ 29.3843054, 41.0289163 ], [ 29.3893302, 41.0276214 ], [ 29.3990818, 41.0245329 ], [ 29.4046835, 41.0237932 ], [ 29.4048723, 41.0222568 ], [ 29.4045075, 41.0205245 ], [ 29.4034132, 41.018938 ], [ 29.4030269, 41.0178856 ], [ 29.4013961, 41.0149552 ], [ 29.3991216, 41.0121865 ], [ 29.3975123, 41.0103569 ], [ 29.3959888, 41.0091101 ], [ 29.3945082, 41.0078795 ], [ 29.393843, 41.0067946 ], [ 29.3931349, 41.0054668 ], [ 29.3927487, 41.0048191 ], [ 29.3922337, 41.0042685 ], [ 29.39159, 41.0040256 ], [ 29.3909463, 41.0033779 ], [ 29.390839, 41.0029406 ], [ 29.3906244, 41.0025034 ], [ 29.3904527, 41.0020176 ], [ 29.3903025, 41.0013375 ], [ 29.390088, 41.0005601 ], [ 29.3898734, 40.9993132 ], [ 29.3901094, 40.9988273 ], [ 29.3899592, 40.9982929 ], [ 29.390045, 40.9974346 ], [ 29.3903884, 40.9971107 ], [ 29.3904098, 40.9967706 ], [ 29.3903669, 40.9965277 ], [ 29.3901309, 40.9962847 ], [ 29.3900236, 40.9959446 ], [ 29.3906244, 40.9944708 ], [ 29.390324, 40.9937906 ], [ 29.3899163, 40.992916 ], [ 29.3896803, 40.9921548 ], [ 29.3901094, 40.991507 ], [ 29.3901094, 40.9910049 ], [ 29.3895944, 40.9907133 ], [ 29.3884357, 40.9899035 ], [ 29.3867191, 40.9880085 ], [ 29.3855604, 40.9868908 ], [ 29.3824061, 40.982485 ], [ 29.3788871, 40.9879275 ], [ 29.3749818, 40.9890613 ], [ 29.3739732, 40.9898387 ], [ 29.3674072, 40.9915232 ], [ 29.3660768, 40.992414 ], [ 29.3632444, 40.9924949 ], [ 29.361399, 40.9921062 ], [ 29.3594893, 40.9920253 ], [ 29.3582233, 40.9916203 ], [ 29.3557128, 40.9882352 ], [ 29.3540391, 40.9888183 ], [ 29.3562921, 40.9923168 ], [ 29.355069, 40.9949405 ], [ 29.3524512, 40.9996209 ], [ 29.3511208, 41.0010136 ], [ 29.3486103, 41.0034264 ], [ 29.3465289, 41.0041066 ], [ 29.3445119, 41.0046895 ], [ 29.34419, 41.0066489 ], [ 29.3440827, 41.0082195 ], [ 29.3442329, 41.0093206 ], [ 29.3442973, 41.0103569 ], [ 29.3437394, 41.0111179 ], [ 29.3428811, 41.011717 ], [ 29.3415507, 41.0115713 ], [ 29.339362, 41.0104055 ], [ 29.3377742, 41.0097578 ], [ 29.3359717, 41.006244 ], [ 29.335328, 41.0057583 ], [ 29.3354996, 41.0054668 ], [ 29.333311, 41.004981 ], [ 29.3311866, 41.0037017 ], [ 29.327689, 41.003556 ], [ 29.3271311, 41.0033779 ], [ 29.3163165, 40.9978395 ], [ 29.3154257, 40.9948482 ], [ 29.3140507, 40.9929016 ], [ 29.3114885, 40.9904925 ], [ 29.3112948, 40.9851151 ], [ 29.3091005, 40.9851408 ], [ 29.3060967, 40.984777 ], [ 29.3031766, 40.9842688 ], [ 29.3014627, 40.9841804 ], [ 29.2989012, 40.9839128 ], [ 29.2973711, 40.9824584 ], [ 29.2968443, 40.9818772 ], [ 29.2965791, 40.981578 ], [ 29.2948753, 40.9798694 ], [ 29.2904764, 40.9798349 ], [ 29.2895045, 40.9797618 ], [ 29.2892152, 40.9801082 ], [ 29.2887339, 40.9834428 ], [ 29.2878844, 40.9872474 ], [ 29.2879933, 40.9879375 ], [ 29.288026, 40.9881451 ], [ 29.2879227, 40.9885631 ], [ 29.2878633, 40.9888033 ], [ 29.2877094, 40.9889925 ], [ 29.2875031, 40.989246 ], [ 29.2872459, 40.9913074 ], [ 29.2872449, 40.9913156 ], [ 29.2874263, 40.9924666 ], [ 29.2876475, 40.9939404 ], [ 29.2876822, 40.9941715 ], [ 29.287709, 40.9942954 ], [ 29.2878314, 40.9948609 ], [ 29.2877619, 40.9968283 ], [ 29.2876436, 40.9973136 ], [ 29.2871675, 40.9984515 ], [ 29.2869016, 40.9988198 ], [ 29.2867563, 40.9990223 ], [ 29.286641, 40.999145 ], [ 29.2864926, 40.9993457 ], [ 29.2863912, 40.9994759 ], [ 29.2863211, 40.9996277 ], [ 29.2862174, 41.0009144 ], [ 29.2866158, 41.0015157 ], [ 29.2868823, 41.0023819 ], [ 29.2867737, 41.0023896 ] ] ] } },
{ "type": "Feature", "properties": { "element": "relation", "id": 9480886, "name": "Veysel Karani Mahallesi" }, "geometry": { "type": "Polygon", "coordinates": [ [ [ 29.2287525, 40.9508839 ], [ 29.2304212, 40.9530232 ], [ 29.2303774, 40.953849 ], [ 29.2310926, 40.9546008 ], [ 29.2317102, 40.9557754 ], [ 29.2318157, 40.9565818 ], [ 29.2321305, 40.9570971 ], [ 29.2325429, 40.957637 ], [ 29.232543, 40.9584054 ], [ 29.233094, 40.9593004 ], [ 29.2330614, 40.9598407 ], [ 29.2332728, 40.9603565 ], [ 29.233224, 40.9608969 ], [ 29.2334192, 40.9612161 ], [ 29.2333216, 40.9614617 ], [ 29.2334842, 40.9618547 ], [ 29.2332078, 40.9618793 ], [ 29.2333054, 40.962088 ], [ 29.2337173, 40.9625266 ], [ 29.2340029, 40.9629328 ], [ 29.2344421, 40.9640938 ], [ 29.2350966, 40.9657627 ], [ 29.2353004, 40.966184 ], [ 29.2354131, 40.9666498 ], [ 29.235574, 40.9670549 ], [ 29.2358798, 40.9675328 ], [ 29.2361748, 40.9679825 ], [ 29.2371297, 40.9694609 ], [ 29.2375266, 40.9700765 ], [ 29.2388034, 40.9720288 ], [ 29.2392755, 40.9728105 ], [ 29.2405014, 40.9747104 ], [ 29.2397529, 40.9748214 ], [ 29.239549, 40.9749186 ], [ 29.2393237, 40.9750847 ], [ 29.2391655, 40.9752285 ], [ 29.2390126, 40.9755019 ], [ 29.2388543, 40.9757995 ], [ 29.2408419, 40.9758481 ], [ 29.2419602, 40.9758502 ], [ 29.2436081, 40.9757833 ], [ 29.2444129, 40.9757179 ], [ 29.2451709, 40.9756173 ], [ 29.2467534, 40.9753743 ], [ 29.2476976, 40.9751475 ], [ 29.2487329, 40.9748275 ], [ 29.2495912, 40.9745481 ], [ 29.2504167, 40.9742366 ], [ 29.2501436, 40.9738692 ], [ 29.2489943, 40.972728 ], [ 29.2487877, 40.9727526 ], [ 29.2486407, 40.9727216 ], [ 29.2484084, 40.9727037 ], [ 29.2481509, 40.9726115 ], [ 29.2479618, 40.9723826 ], [ 29.2477632, 40.9721423 ], [ 29.2471919, 40.9717396 ], [ 29.2467682, 40.9714343 ], [ 29.2466782, 40.9713139 ], [ 29.2466637, 40.9712061 ], [ 29.2466602, 40.9711283 ], [ 29.2465748, 40.9710261 ], [ 29.2463668, 40.9708182 ], [ 29.2462148, 40.9706918 ], [ 29.2461146, 40.9706439 ], [ 29.2457037, 40.9705253 ], [ 29.2455264, 40.9703795 ], [ 29.2454651, 40.970021 ], [ 29.2451643, 40.969496 ], [ 29.2450503, 40.9693363 ], [ 29.2449499, 40.9691547 ], [ 29.2447988, 40.9683751 ], [ 29.2448009, 40.9680216 ], [ 29.2447622, 40.9679318 ], [ 29.2447211, 40.967708 ], [ 29.2448453, 40.9671269 ], [ 29.244892, 40.9669435 ], [ 29.2449698, 40.9666194 ], [ 29.2450617, 40.9660404 ], [ 29.2451109, 40.9654827 ], [ 29.2453399, 40.9652534 ], [ 29.2453908, 40.9650113 ], [ 29.2453395, 40.9648785 ], [ 29.2459514, 40.9643625 ], [ 29.2466814, 40.9639253 ], [ 29.2468604, 40.9636225 ], [ 29.2471588, 40.9629343 ], [ 29.2471816, 40.9627378 ], [ 29.2471533, 40.9626163 ], [ 29.2470278, 40.962334 ], [ 29.2469873, 40.9622007 ], [ 29.2469918, 40.9620778 ], [ 29.2470479, 40.9618672 ], [ 29.2471719, 40.9617493 ], [ 29.2482803, 40.9611223 ], [ 29.2478229, 40.9607591 ], [ 29.2477321, 40.9603952 ], [ 29.2476418, 40.9598349 ], [ 29.2478711, 40.9591002 ], [ 29.248293, 40.9587392 ], [ 29.2486594, 40.9585661 ], [ 29.248862, 40.9584173 ], [ 29.2489939, 40.9581675 ], [ 29.2491251, 40.9581154 ], [ 29.2491829, 40.9579711 ], [ 29.2491273, 40.957733 ], [ 29.2491093, 40.9572203 ], [ 29.2495131, 40.9558365 ], [ 29.2496219, 40.9557222 ], [ 29.2497287, 40.9555594 ], [ 29.2497883, 40.9554107 ], [ 29.2496861, 40.955272 ], [ 29.2495796, 40.9540203 ], [ 29.2494423, 40.9539274 ], [ 29.2495023, 40.9538079 ], [ 29.2494437, 40.953594 ], [ 29.2493422, 40.9534449 ], [ 29.2491051, 40.9530987 ], [ 29.2491142, 40.9527265 ], [ 29.2493673, 40.9524083 ], [ 29.2464301, 40.951948 ], [ 29.2466067, 40.9514476 ], [ 29.2465976, 40.9512968 ], [ 29.2463584, 40.9512545 ], [ 29.245962, 40.9511476 ], [ 29.245509, 40.9509659 ], [ 29.245325, 40.9508162 ], [ 29.2450277, 40.9507627 ], [ 29.2443057, 40.9505916 ], [ 29.2434846, 40.9502174 ], [ 29.2428759, 40.9499929 ], [ 29.2425078, 40.9498646 ], [ 29.2420831, 40.9498325 ], [ 29.2418424, 40.9498539 ], [ 29.241531, 40.9498218 ], [ 29.2411487, 40.9498218 ], [ 29.2407099, 40.9497255 ], [ 29.2399029, 40.9497576 ], [ 29.2392376, 40.9498325 ], [ 29.2389969, 40.9499608 ], [ 29.2387704, 40.950057 ], [ 29.2385439, 40.9500463 ], [ 29.2383457, 40.9499715 ], [ 29.2381758, 40.949918 ], [ 29.2378927, 40.9499608 ], [ 29.2375954, 40.9499394 ], [ 29.2371848, 40.9498966 ], [ 29.2368734, 40.9498966 ], [ 29.2364911, 40.9498752 ], [ 29.2362222, 40.9498325 ], [ 29.235939, 40.9498646 ], [ 29.2356134, 40.9499073 ], [ 29.2354152, 40.9498859 ], [ 29.2352453, 40.9498325 ], [ 29.2349481, 40.9497042 ], [ 29.2347074, 40.9496507 ], [ 29.2346366, 40.9495759 ], [ 29.234495, 40.9495117 ], [ 29.2343393, 40.9494689 ], [ 29.2342119, 40.9494475 ], [ 29.2339571, 40.9494475 ], [ 29.2338438, 40.9493941 ], [ 29.2336456, 40.9492979 ], [ 29.2334899, 40.9492658 ], [ 29.2331926, 40.9492123 ], [ 29.2328812, 40.9492979 ], [ 29.2327113, 40.9493299 ], [ 29.2325839, 40.9492551 ], [ 29.2324706, 40.9491588 ], [ 29.2320742, 40.9491375 ], [ 29.2320034, 40.9492444 ], [ 29.2318194, 40.9494262 ], [ 29.2317203, 40.9495759 ], [ 29.2315929, 40.9496507 ], [ 29.2314655, 40.9497042 ], [ 29.2312673, 40.9497897 ], [ 29.2310691, 40.9498539 ], [ 29.2308426, 40.9498111 ], [ 29.2306869, 40.9497149 ], [ 29.2305595, 40.9496079 ], [ 29.2304604, 40.9494796 ], [ 29.2303188, 40.9494262 ], [ 29.2301206, 40.9493085 ], [ 29.2299405, 40.9492832 ], [ 29.2297436, 40.94932 ], [ 29.2295876, 40.9494207 ], [ 29.2293423, 40.9494274 ], [ 29.2287462, 40.949436 ], [ 29.2289305, 40.9500738 ], [ 29.2289581, 40.950332 ], [ 29.2289208, 40.9504888 ], [ 29.2287525, 40.9508839 ] ] ] } },
{ "type": "Feature", "properties": { "element": "relation", "id": 9623052, "name": "Osmangazi Mahallesi" }, "geometry": { "type": "Polygon", "coordinates": [ [ [ 29.2295471, 40.9853509 ], [ 29.229818, 40.9854866 ], [ 29.2300326, 40.9856243 ], [ 29.2302418, 40.9857012 ], [ 29.2305261, 40.9858389 ], [ 29.2309713, 40.9861102 ], [ 29.2316312, 40.9865516 ], [ 29.232232, 40.9870254 ], [ 29.2324519, 40.9876044 ], [ 29.2327523, 40.9879932 ], [ 29.2329186, 40.9880701 ], [ 29.2342329, 40.9885682 ], [ 29.2366469, 40.9892201 ], [ 29.2378592, 40.9896088 ], [ 29.239372, 40.9906575 ], [ 29.2412817, 40.9916982 ], [ 29.2432398, 40.9927874 ], [ 29.2443502, 40.9933745 ], [ 29.2454016, 40.9939494 ], [ 29.2474133, 40.9949414 ], [ 29.2479604, 40.9951641 ], [ 29.2488939, 40.9955973 ], [ 29.2501223, 40.9963545 ], [ 29.2518711, 40.99748 ], [ 29.2529011, 40.9981238 ], [ 29.2554384, 40.999642 ], [ 29.2565542, 41.0003222 ], [ 29.2569834, 41.0006096 ], [ 29.2573643, 41.0010226 ], [ 29.2577022, 41.0015003 ], [ 29.2580134, 41.001974 ], [ 29.2583862, 41.0025812 ], [ 29.2585686, 41.0028525 ], [ 29.2587081, 41.0030549 ], [ 29.2589039, 41.0031824 ], [ 29.2591479, 41.0033221 ], [ 29.259384, 41.0033909 ], [ 29.2598252, 41.003487 ], [ 29.2604025, 41.0035291 ], [ 29.2599368, 41.0033337 ], [ 29.2597997, 41.0032573 ], [ 29.2597273, 41.0031925 ], [ 29.2595878, 41.0029456 ], [ 29.2595315, 41.0028221 ], [ 29.2594698, 41.0026278 ], [ 29.2594926, 41.002477 ], [ 29.259569, 41.0022675 ], [ 29.2596088, 41.002122 ], [ 29.259738, 41.0019143 ], [ 29.2597729, 41.0018242 ], [ 29.2597997, 41.0015813 ], [ 29.2598346, 41.0013667 ], [ 29.2596602, 41.000889 ], [ 29.2596576, 41.00081 ], [ 29.2596334, 41.0007108 ], [ 29.2596603, 41.0005617 ], [ 29.2596495, 41.0004801 ], [ 29.2596361, 41.0002473 ], [ 29.2595664, 41.0000954 ], [ 29.2594671, 40.9999112 ], [ 29.259443, 40.9997857 ], [ 29.2594859, 40.9996137 ], [ 29.2595074, 40.9995043 ], [ 29.2595035, 40.9993722 ], [ 29.2594658, 40.9992548 ], [ 29.2594068, 40.998972 ], [ 29.2593384, 40.9988798 ], [ 29.2592767, 40.9985529 ], [ 29.2591754, 40.9983738 ], [ 29.2591159, 40.9982448 ], [ 29.259008, 40.9980065 ], [ 29.2588858, 40.9978692 ], [ 29.2586898, 40.9976619 ], [ 29.2586323, 40.9975771 ], [ 29.2585461, 40.9975046 ], [ 29.2584692, 40.9974076 ], [ 29.2583417, 40.9971991 ], [ 29.2582798, 40.9970662 ], [ 29.2582534, 40.9969711 ], [ 29.2582633, 40.996864 ], [ 29.2582005, 40.996374 ], [ 29.2581346, 40.9960413 ], [ 29.2580039, 40.9956561 ], [ 29.2579287, 40.9953499 ], [ 29.2579448, 40.9952987 ], [ 29.2578443, 40.994694 ], [ 29.257812, 40.9945373 ], [ 29.2576473, 40.9943177 ], [ 29.2572886, 40.9936377 ], [ 29.2572105, 40.9935578 ], [ 29.2568382, 40.993212 ], [ 29.2566403, 40.9928109 ], [ 29.2545267, 40.990334 ], [ 29.2543963, 40.9898895 ], [ 29.2543981, 40.9897251 ], [ 29.25447, 40.9895983 ], [ 29.2546068, 40.98948 ], [ 29.2547598, 40.9893783 ], [ 29.2548043, 40.9892759 ], [ 29.2548336, 40.989083 ], [ 29.2548474, 40.9888243 ], [ 29.2548392, 40.988586 ], [ 29.2548029, 40.9884379 ], [ 29.2547019, 40.9882648 ], [ 29.2545147, 40.9880335 ], [ 29.2544406, 40.9878769 ], [ 29.2544152, 40.9877206 ], [ 29.2544416, 40.98731 ], [ 29.2544578, 40.9868337 ], [ 29.2544786, 40.9864312 ], [ 29.2544702, 40.9862135 ], [ 29.2544502, 40.9860572 ], [ 29.2544697, 40.9857739 ], [ 29.2543725, 40.985268 ], [ 29.25335, 40.9825139 ], [ 29.2530121, 40.9815835 ], [ 29.252642, 40.9808415 ], [ 29.2523145, 40.9803073 ], [ 29.2519884, 40.9798919 ], [ 29.2518076, 40.9795785 ], [ 29.2517507, 40.9793399 ], [ 29.2517889, 40.9788431 ], [ 29.2518243, 40.9785886 ], [ 29.2520212, 40.9783604 ], [ 29.252032, 40.9771367 ], [ 29.251971, 40.97706 ], [ 29.251954, 40.9769566 ], [ 29.252024, 40.9767918 ], [ 29.2520717, 40.9765959 ], [ 29.2519743, 40.9763681 ], [ 29.2517433, 40.975927 ], [ 29.2515595, 40.9757743 ], [ 29.2504167, 40.9742366 ], [ 29.2495912, 40.9745481 ], [ 29.2487329, 40.9748275 ], [ 29.2476976, 40.9751475 ], [ 29.2467534, 40.9753743 ], [ 29.2451709, 40.9756173 ], [ 29.2444129, 40.9757179 ], [ 29.2436081, 40.9757833 ], [ 29.2419602, 40.9758502 ], [ 29.2408419, 40.9758481 ], [ 29.2388543, 40.9757995 ], [ 29.2387336, 40.9760486 ], [ 29.2383796, 40.9766986 ], [ 29.2378351, 40.9776666 ], [ 29.2377144, 40.9780574 ], [ 29.2374462, 40.9783288 ], [ 29.2369553, 40.9787236 ], [ 29.2365772, 40.9790598 ], [ 29.2360327, 40.9794445 ], [ 29.2346996, 40.980214 ], [ 29.2339835, 40.9806311 ], [ 29.2328274, 40.9811657 ], [ 29.2320657, 40.9814107 ], [ 29.2318618, 40.9814876 ], [ 29.2315587, 40.9817346 ], [ 29.2314139, 40.9820687 ], [ 29.2314005, 40.9822084 ], [ 29.231438, 40.98266 ], [ 29.2314112, 40.9830143 ], [ 29.2313603, 40.9835165 ], [ 29.2310089, 40.9839579 ], [ 29.2305958, 40.9844317 ], [ 29.2301586, 40.9849277 ], [ 29.2295471, 40.9853509 ] ] ] } },
{ "type": "Feature", "properties": { "element": "relation", "id": 9623105, "name": "Mevlana Mahallesi" }, "geometry": { "type": "Polygon", "coordinates": [ [ [ 29.2544577, 41.0134466 ], [ 29.2546338, 41.0147456 ], [ 29.2548376, 41.0148832 ], [ 29.2554331, 41.0151554 ], [ 29.2553204, 41.0152961 ], [ 29.2560493, 41.015648 ], [ 29.2565489, 41.0158708 ], [ 29.2571121, 41.0160813 ], [ 29.2577422, 41.0162653 ], [ 29.2577264, 41.0165074 ], [ 29.259241, 41.0166932 ], [ 29.2604037, 41.0171008 ], [ 29.260978, 41.0171963 ], [ 29.26108, 41.0174846 ], [ 29.2622267, 41.0173968 ], [ 29.2622345, 41.0175345 ], [ 29.2631822, 41.0172393 ], [ 29.2637192, 41.0172441 ], [ 29.2637407, 41.0171056 ], [ 29.2637991, 41.0167301 ], [ 29.2638377, 41.0165899 ], [ 29.2638836, 41.0162606 ], [ 29.2638841, 41.0158135 ], [ 29.263964, 41.0154523 ], [ 29.2640525, 41.0152211 ], [ 29.2640819, 41.0151168 ], [ 29.264078, 41.0150186 ], [ 29.2640851, 41.0149133 ], [ 29.2642463, 41.0149061 ], [ 29.2642422, 41.0148155 ], [ 29.2643677, 41.0147323 ], [ 29.2654134, 41.015446 ], [ 29.2657836, 41.0155967 ], [ 29.2662272, 41.0156859 ], [ 29.2664446, 41.015673 ], [ 29.2666857, 41.0158215 ], [ 29.2669663, 41.0158013 ], [ 29.2675771, 41.0159626 ], [ 29.2677882, 41.0159339 ], [ 29.2682426, 41.0160847 ], [ 29.2690377, 41.0161803 ], [ 29.2691813, 41.0161515 ], [ 29.270104, 41.0156104 ], [ 29.2702291, 41.0155625 ], [ 29.2713223, 41.0149665 ], [ 29.2720071, 41.0143169 ], [ 29.2721254, 41.014278 ], [ 29.2723129, 41.0142336 ], [ 29.2724637, 41.0141292 ], [ 29.2728943, 41.0138506 ], [ 29.2731297, 41.0128224 ], [ 29.2736942, 41.0120089 ], [ 29.2722022, 41.0113333 ], [ 29.2699814, 41.0104023 ], [ 29.267503, 41.0095684 ], [ 29.266842, 41.0093595 ], [ 29.2663296, 41.0091404 ], [ 29.2659958, 41.0089126 ], [ 29.2657394, 41.0086264 ], [ 29.2652446, 41.0080079 ], [ 29.2640966, 41.0065891 ], [ 29.2636916, 41.0061761 ], [ 29.2624577, 41.0051054 ], [ 29.262111, 41.0047937 ], [ 29.2616995, 41.0044365 ], [ 29.2614143, 41.0042219 ], [ 29.2612818, 41.0041305 ], [ 29.2610215, 41.0040321 ], [ 29.260143, 41.0040477 ], [ 29.2598131, 41.004071 ], [ 29.2594618, 41.0041479 ], [ 29.2583138, 41.0045629 ], [ 29.2577103, 41.0047633 ], [ 29.256463, 41.0051135 ], [ 29.2555098, 41.005354 ], [ 29.2561412, 41.0064352 ], [ 29.256624, 41.0063866 ], [ 29.2574501, 41.0078602 ], [ 29.2575896, 41.0083216 ], [ 29.2575252, 41.0087305 ], [ 29.2549503, 41.0088195 ], [ 29.2550737, 41.0101797 ], [ 29.2550415, 41.0103699 ], [ 29.2548054, 41.0104954 ], [ 29.2546231, 41.0107504 ], [ 29.2543924, 41.0109771 ], [ 29.25421, 41.0113414 ], [ 29.2541188, 41.011645 ], [ 29.2541242, 41.0120903 ], [ 29.2543226, 41.0126003 ], [ 29.2543977, 41.0129929 ], [ 29.2544577, 41.0134466 ] ] ] } },
{ "type": "Feature", "properties": { "element": "relation", "id": 9623146, "name": "Merve Mahallesi" }, "geometry": { "type": "Polygon", "coordinates": [ [ [ 29.2291689, 41.0089774 ], [ 29.2297938, 41.0090098 ], [ 29.2303464, 41.0090361 ], [ 29.2309928, 41.0090179 ], [ 29.2313871, 41.0089936 ], [ 29.2329857, 41.0088479 ], [ 29.2339003, 41.0087608 ], [ 29.2357886, 41.0085807 ], [ 29.23765, 41.0084228 ], [ 29.2387068, 41.0083236 ], [ 29.2402545, 41.0081779 ], [ 29.2407507, 41.0081496 ], [ 29.240903, 41.0081256 ], [ 29.2410264, 41.0080937 ], [ 29.2411906, 41.0080605 ], [ 29.2431539, 41.0076942 ], [ 29.2464799, 41.0070809 ], [ 29.248808, 41.0066659 ], [ 29.2519543, 41.0060648 ], [ 29.2547545, 41.0055446 ], [ 29.2555098, 41.005354 ], [ 29.256463, 41.0051135 ], [ 29.2577103, 41.0047633 ], [ 29.2583138, 41.0045629 ], [ 29.2594618, 41.0041479 ], [ 29.2598131, 41.004071 ], [ 29.260143, 41.0040477 ], [ 29.2610215, 41.0040321 ], [ 29.2607603, 41.0037164 ], [ 29.2604025, 41.0035291 ], [ 29.2598252, 41.003487 ], [ 29.259384, 41.0033909 ], [ 29.2591479, 41.0033221 ], [ 29.2589039, 41.0031824 ], [ 29.2587081, 41.0030549 ], [ 29.2585686, 41.0028525 ], [ 29.2583862, 41.0025812 ], [ 29.2580134, 41.001974 ], [ 29.2577022, 41.0015003 ], [ 29.2576486, 41.0015145 ], [ 29.2573294, 41.0016076 ], [ 29.2570236, 41.0015995 ], [ 29.2567179, 41.0015671 ], [ 29.2564309, 41.0015246 ], [ 29.2559937, 41.0015043 ], [ 29.2555216, 41.0016015 ], [ 29.2553097, 41.0016764 ], [ 29.2549905, 41.0017149 ], [ 29.2540517, 41.0016521 ], [ 29.2526597, 41.0015387 ], [ 29.2518255, 41.0014173 ], [ 29.251678, 41.0013809 ], [ 29.2507634, 41.001142 ], [ 29.2502859, 41.0009679 ], [ 29.2498246, 41.0007392 ], [ 29.2494813, 41.000478 ], [ 29.2492855, 41.0003444 ], [ 29.24869, 41.0000104 ], [ 29.2485827, 41.0000975 ], [ 29.2481026, 41.0005752 ], [ 29.247998, 41.0003363 ], [ 29.2471209, 41.0006076 ], [ 29.2457204, 41.001042 ], [ 29.2453909, 41.0013181 ], [ 29.2433018, 41.0034912 ], [ 29.243959, 41.0036766 ], [ 29.243454, 41.0048541 ], [ 29.242065, 41.0042552 ], [ 29.2419416, 41.0041844 ], [ 29.2416868, 41.0040609 ], [ 29.2414641, 41.0040123 ], [ 29.2409706, 41.0040245 ], [ 29.2407453, 41.0040994 ], [ 29.2404637, 41.0041864 ], [ 29.2397609, 41.0041922 ], [ 29.239229, 41.0039819 ], [ 29.2385861, 41.0041601 ], [ 29.2378753, 41.0043787 ], [ 29.237422, 41.0046196 ], [ 29.236486, 41.0049353 ], [ 29.2363513, 41.0049975 ], [ 29.2361614, 41.0050851 ], [ 29.2358114, 41.0052502 ], [ 29.2354614, 41.0054292 ], [ 29.2348766, 41.005743 ], [ 29.234763, 41.0058278 ], [ 29.2340934, 41.0063279 ], [ 29.2333049, 41.0068704 ], [ 29.2324358, 41.0072428 ], [ 29.2319208, 41.0074877 ], [ 29.2308828, 41.0080423 ], [ 29.2304939, 41.0081678 ], [ 29.2294478, 41.0085645 ], [ 29.2293271, 41.0089167 ], [ 29.2291689, 41.0089774 ] ] ] } },
{ "type": "Feature", "properties": { "element": "way", "id": 85632531, "name": "Sancaktepe - Sultanbeyli İlçe Sınırı" }, "geometry": { "type": "LineString", "coordinates": [ [ 29.2867737, 41.0023896 ], [ 29.2833358, 41.0029557 ], [ 29.2826085, 41.0029699 ], [ 29.2808638, 41.0030038 ], [ 29.2759529, 41.0030285 ], [ 29.2710815, 41.0031807 ], [ 29.2694146, 41.0035315 ], [ 29.2657677, 41.0042989 ], [ 29.2630308, 41.0048748 ], [ 29.2624509, 41.0048762 ], [ 29.2622935, 41.004819 ], [ 29.262111, 41.0047937 ] ] } },
{ "type": "Feature", "properties": { "element": "way", "id": 85632532, "name": "Pendik - Sultanbeyli İlçe Sınırı" }, "geometry": { "type": "LineString", "coordinates": [ [ 29.2843902, 40.9355499 ], [ 29.2834378, 40.9352536 ] ] } },
{ "type": "Feature", "properties": { "element": "way", "id": 85632536, "name": "Kartal - Sultanbeyli İlçe Sınırı" }, "geometry": { "type": "LineString", "coordinates": [ [ 29.2551653, 40.9320913 ], [ 29.2545412, 40.9326064 ], [ 29.2541831, 40.9329801 ], [ 29.2539361, 40.9333418 ], [ 29.2537847, 40.9335108 ], [ 29.253501, 40.9337727 ], [ 29.2527125, 40.9344927 ], [ 29.2524565, 40.9346507 ], [ 29.2522777, 40.9348136 ], [ 29.2520987, 40.9356393 ], [ 29.2520699, 40.9361614 ], [ 29.2519, 40.9377313 ], [ 29.2519167, 40.9387021 ], [ 29.2520862, 40.9389121 ], [ 29.2523114, 40.9391318 ], [ 29.2522517, 40.939213 ], [ 29.2521342, 40.9392406 ], [ 29.2518939, 40.9392766 ], [ 29.2516658, 40.9395296 ], [ 29.2507161, 40.9404571 ], [ 29.2504902, 40.9408625 ], [ 29.2504194, 40.9411578 ], [ 29.2504299, 40.9414353 ], [ 29.2505107, 40.9417854 ], [ 29.250623, 40.9421012 ] ] } },
{ "type": "Feature", "properties": { "element": "way", "id": 85633592, "name": "Sancaktepe - Sultanbeyli İlçe Sınırı" }, "geometry": { "type": "LineString", "coordinates": [ [ 29.2504167, 40.9742366 ], [ 29.2501436, 40.9738692 ], [ 29.2489943, 40.972728 ], [ 29.2487877, 40.9727526 ], [ 29.2486407, 40.9727216 ], [ 29.2484084, 40.9727037 ], [ 29.2481509, 40.9726115 ], [ 29.2479618, 40.9723826 ], [ 29.2477632, 40.9721423 ], [ 29.2471919, 40.9717396 ], [ 29.2467682, 40.9714343 ], [ 29.2466782, 40.9713139 ], [ 29.2466637, 40.9712061 ], [ 29.2466602, 40.9711283 ], [ 29.2465748, 40.9710261 ], [ 29.2463668, 40.9708182 ], [ 29.2462148, 40.9706918 ], [ 29.2461146, 40.9706439 ], [ 29.2457037, 40.9705253 ], [ 29.2455264, 40.9703795 ], [ 29.2454651, 40.970021 ], [ 29.2451643, 40.969496 ], [ 29.2450503, 40.9693363 ], [ 29.2449499, 40.9691547 ], [ 29.2447988, 40.9683751 ], [ 29.2448009, 40.9680216 ], [ 29.2447622, 40.9679318 ], [ 29.2447211, 40.967708 ], [ 29.2448453, 40.9671269 ], [ 29.244892, 40.9669435 ], [ 29.2449698, 40.9666194 ], [ 29.2450617, 40.9660404 ], [ 29.2451109, 40.9654827 ], [ 29.2453399, 40.9652534 ], [ 29.2453908, 40.9650113 ], [ 29.2453395, 40.9648785 ], [ 29.2459514, 40.9643625 ], [ 29.2466814, 40.9639253 ], [ 29.2468604, 40.9636225 ], [ 29.2471588, 40.9629343 ], [ 29.2471816, 40.9627378 ], [ 29.2471533, 40.9626163 ], [ 29.2470278, 40.962334 ], [ 29.2469873, 40.9622007 ], [ 29.2469918, 40.9620778 ], [ 29.2470479, 40.9618672 ], [ 29.2471719, 40.9617493 ], [ 29.2482803, 40.9611223 ], [ 29.2478229, 40.9607591 ], [ 29.2477321, 40.9603952 ], [ 29.2476418, 40.9598349 ], [ 29.2478711, 40.9591002 ], [ 29.248293, 40.9587392 ], [ 29.2486594, 40.9585661 ], [ 29.248862, 40.9584173 ], [ 29.2489939, 40.9581675 ] ] } },
{ "type": "Feature", "properties": { "element": "way", "id": 533799072, "name": "Pendik - Sultanbeyli İlçe Sınırı" }, "geometry": { "type": "LineString", "coordinates": [ [ 29.2735697, 40.9317408 ], [ 29.2576706, 40.9321385 ] ] } },
{ "type": "Feature", "properties": { "element": "way", "id": 533799073, "name": "Pendik - Sultanbeyli İlçe Sınırı" }, "geometry": { "type": "LineString", "coordinates": [ [ 29.2956735, 40.9382302 ], [ 29.2929322, 40.9375345 ], [ 29.2883658, 40.9363035 ], [ 29.2858008, 40.9358217 ], [ 29.2843902, 40.9355499 ] ] } },
{ "type": "Feature", "properties": { "element": "way", "id": 533799074, "name": "Sancaktepe - Sultanbeyli İlçe Sınırı" }, "geometry": { "type": "LineString", "coordinates": [ [ 29.2489939, 40.9581675 ], [ 29.2491251, 40.9581154 ], [ 29.2491829, 40.9579711 ], [ 29.2491273, 40.957733 ], [ 29.2491093, 40.9572203 ], [ 29.2495131, 40.9558365 ], [ 29.2496219, 40.9557222 ], [ 29.2497287, 40.9555594 ], [ 29.2497883, 40.9554107 ], [ 29.2496861, 40.955272 ], [ 29.2495796, 40.9540203 ], [ 29.2494423, 40.9539274 ], [ 29.2495023, 40.9538079 ], [ 29.2494437, 40.953594 ], [ 29.2493422, 40.9534449 ], [ 29.2491051, 40.9530987 ], [ 29.2491142, 40.9527265 ], [ 29.2493673, 40.9524083 ], [ 29.2464301, 40.951948 ], [ 29.2466067, 40.9514476 ], [ 29.2465976, 40.9512968 ] ] } },
{ "type": "Feature", "properties": { "element": "way", "id": 533799076, "name": "Pendik - Sultanbeyli İlçe Sınırı" }, "geometry": { "type": "LineString", "coordinates": [ [ 29.3087049, 40.9485079 ], [ 29.3083493, 40.9479213 ], [ 29.3080605, 40.9474737 ], [ 29.3077219, 40.9471219 ], [ 29.3068515, 40.9463854 ], [ 29.3065685, 40.9459527 ], [ 29.3063065, 40.9456118 ], [ 29.3057602, 40.9450197 ], [ 29.3053645, 40.9448061 ], [ 29.3046738, 40.9445317 ], [ 29.3044564, 40.9444084 ], [ 29.3040722, 40.9440898 ], [ 29.3037175, 40.9435463 ], [ 29.303162, 40.9428904 ], [ 29.302526, 40.9422488 ], [ 29.3023002, 40.942096 ], [ 29.3012247, 40.9415218 ], [ 29.3000943, 40.9409083 ], [ 29.2975934, 40.9396152 ], [ 29.2972022, 40.9393296 ], [ 29.2968007, 40.9389486 ], [ 29.2963886, 40.9385013 ], [ 29.2959583, 40.9383382 ], [ 29.2956735, 40.9382302 ] ] } },
{ "type": "Feature", "properties": { "element": "way", "id": 533799077, "name": "Pendik - Sultanbeyli İlçe Sınırı" }, "geometry": { "type": "LineString", "coordinates": [ [ 29.2978847, 40.9662207 ], [ 29.2985316, 40.9652009 ], [ 29.2989897, 40.9647178 ], [ 29.2998286, 40.9641386 ], [ 29.2998547, 40.963955 ], [ 29.2997127, 40.9637432 ], [ 29.2997342, 40.9634117 ], [ 29.3004182, 40.9623104 ], [ 29.3009153, 40.9617592 ], [ 29.3023489, 40.9605714 ], [ 29.3027668, 40.9589668 ], [ 29.3031744, 40.9586933 ], [ 29.3035236, 40.9584416 ], [ 29.3053442, 40.9586556 ], [ 29.3072943, 40.9590281 ], [ 29.3108029, 40.9600343 ], [ 29.3117751, 40.9590355 ], [ 29.3119449, 40.9555785 ], [ 29.3114388, 40.9548993 ], [ 29.3109092, 40.9541682 ], [ 29.3096973, 40.9513828 ], [ 29.3100263, 40.9507886 ], [ 29.3099644, 40.9492854 ], [ 29.3087049, 40.9485079 ] ] } },
{ "type": "Feature", "properties": { "element": "way", "id": 533799079, "name": "Pendik - Sultanbeyli İlçe Sınırı" }, "geometry": { "type": "LineString", "coordinates": [ [ 29.2879933, 40.9879375 ], [ 29.2878844, 40.9872474 ], [ 29.2887339, 40.9834428 ], [ 29.2892152, 40.9801082 ], [ 29.2895045, 40.9797618 ] ] } },
{ "type": "Feature", "properties": { "element": "way", "id": 533799080, "name": "Sancaktepe - Sultanbeyli İlçe Sınırı" }, "geometry": { "type": "LineString", "coordinates": [ [ 29.2544406, 40.9878769 ], [ 29.2544152, 40.9877206 ], [ 29.2544416, 40.98731 ], [ 29.2544578, 40.9868337 ], [ 29.2544786, 40.9864312 ], [ 29.2544702, 40.9862135 ], [ 29.2544502, 40.9860572 ], [ 29.2544697, 40.9857739 ], [ 29.2543725, 40.985268 ], [ 29.25335, 40.9825139 ], [ 29.2530121, 40.9815835 ], [ 29.252642, 40.9808415 ], [ 29.2523145, 40.9803073 ], [ 29.2519884, 40.9798919 ], [ 29.2518076, 40.9795785 ], [ 29.2517507, 40.9793399 ], [ 29.2517889, 40.9788431 ], [ 29.2518243, 40.9785886 ], [ 29.2520212, 40.9783604 ], [ 29.252032, 40.9771367 ], [ 29.251971, 40.97706 ], [ 29.251954, 40.9769566 ], [ 29.252024, 40.9767918 ], [ 29.2520717, 40.9765959 ], [ 29.2519743, 40.9763681 ], [ 29.2517433, 40.975927 ], [ 29.2515595, 40.9757743 ], [ 29.2504167, 40.9742366 ] ] } },
{ "type": "Feature", "properties": { "element": "way", "id": 533799081, "name": "Pendik - Sultanbeyli İlçe Sınırı" }, "geometry": { "type": "LineString", "coordinates": [ [ 29.2876436, 40.9973136 ], [ 29.2877619, 40.9968283 ], [ 29.2878314, 40.9948609 ], [ 29.287709, 40.9942954 ], [ 29.2876822, 40.9941715 ], [ 29.2876475, 40.9939404 ], [ 29.2874263, 40.9924666 ], [ 29.2872449, 40.9913156 ], [ 29.2872459, 40.9913074 ], [ 29.2875031, 40.989246 ], [ 29.2877094, 40.9889925 ], [ 29.2878633, 40.9888033 ], [ 29.2879227, 40.9885631 ], [ 29.288026, 40.9881451 ], [ 29.2879933, 40.9879375 ] ] } },
{ "type": "Feature", "properties": { "element": "way", "id": 533799082, "name": "Sancaktepe - Sultanbeyli İlçe Sınırı" }, "geometry": { "type": "LineString", "coordinates": [ [ 29.2604025, 41.0035291 ], [ 29.2599368, 41.0033337 ], [ 29.2597997, 41.0032573 ], [ 29.2597273, 41.0031925 ], [ 29.2595878, 41.0029456 ], [ 29.2595315, 41.0028221 ], [ 29.2594698, 41.0026278 ], [ 29.2594926, 41.002477 ], [ 29.259569, 41.0022675 ], [ 29.2596088, 41.002122 ], [ 29.259738, 41.0019143 ], [ 29.2597729, 41.0018242 ], [ 29.2597997, 41.0015813 ], [ 29.2598346, 41.0013667 ], [ 29.2596602, 41.000889 ], [ 29.2596576, 41.00081 ], [ 29.2596334, 41.0007108 ], [ 29.2596603, 41.0005617 ], [ 29.2596495, 41.0004801 ], [ 29.2596361, 41.0002473 ], [ 29.2595664, 41.0000954 ], [ 29.2594671, 40.9999112 ], [ 29.259443, 40.9997857 ], [ 29.2594859, 40.9996137 ], [ 29.2595074, 40.9995043 ], [ 29.2595035, 40.9993722 ], [ 29.2594658, 40.9992548 ], [ 29.2594068, 40.998972 ], [ 29.2593384, 40.9988798 ], [ 29.2592767, 40.9985529 ], [ 29.2591754, 40.9983738 ], [ 29.2591159, 40.9982448 ], [ 29.259008, 40.9980065 ], [ 29.2588858, 40.9978692 ], [ 29.2586898, 40.9976619 ], [ 29.2586323, 40.9975771 ], [ 29.2585461, 40.9975046 ], [ 29.2584692, 40.9974076 ], [ 29.2583417, 40.9971991 ], [ 29.2582798, 40.9970662 ], [ 29.2582534, 40.9969711 ], [ 29.2582633, 40.996864 ], [ 29.2582005, 40.996374 ], [ 29.2581346, 40.9960413 ], [ 29.2580039, 40.9956561 ], [ 29.2579287, 40.9953499 ], [ 29.2579448, 40.9952987 ], [ 29.2578443, 40.994694 ], [ 29.257812, 40.9945373 ], [ 29.2576473, 40.9943177 ], [ 29.2572886, 40.9936377 ], [ 29.2572105, 40.9935578 ], [ 29.2568382, 40.993212 ], [ 29.2566403, 40.9928109 ], [ 29.2545267, 40.990334 ], [ 29.2543963, 40.9898895 ], [ 29.2543981, 40.9897251 ], [ 29.25447, 40.9895983 ], [ 29.2546068, 40.98948 ], [ 29.2547598, 40.9893783 ], [ 29.2548043, 40.9892759 ], [ 29.2548336, 40.989083 ], [ 29.2548474, 40.9888243 ], [ 29.2548392, 40.988586 ], [ 29.2548029, 40.9884379 ], [ 29.2547019, 40.9882648 ], [ 29.2545147, 40.9880335 ], [ 29.2544406, 40.9878769 ] ] } },
{ "type": "Feature", "properties": { "element": "way", "id": 533799083, "name": "Pendik - Sultanbeyli İlçe Sınırı" }, "geometry": { "type": "LineString", "coordinates": [ [ 29.2867737, 41.0023896 ], [ 29.2868823, 41.0023819 ], [ 29.2866158, 41.0015157 ], [ 29.2862174, 41.0009144 ], [ 29.2863211, 40.9996277 ], [ 29.2863912, 40.9994759 ], [ 29.2864926, 40.9993457 ], [ 29.286641, 40.999145 ], [ 29.2867563, 40.9990223 ], [ 29.2869016, 40.9988198 ], [ 29.2871675, 40.9984515 ], [ 29.2876436, 40.9973136 ] ] } },
{ "type": "Feature", "properties": { "element": "way", "id": 533799084, "name": null }, "geometry": { "type": "LineString", "coordinates": [ [ 29.2630964, 40.989819 ], [ 29.2632366, 40.9894297 ], [ 29.2633061, 40.9892327 ], [ 29.2638923, 40.9876947 ], [ 29.2639842, 40.9874074 ], [ 29.2640147, 40.987256 ], [ 29.2640366, 40.987183 ], [ 29.2641997, 40.9864901 ], [ 29.2642639, 40.986196 ], [ 29.2643882, 40.9857257 ], [ 29.2646988, 40.9848441 ], [ 29.2648218, 40.9845378 ], [ 29.2650436, 40.9839858 ], [ 29.265238, 40.9836159 ], [ 29.2653338, 40.9834621 ], [ 29.2653891, 40.9833859 ], [ 29.2655304, 40.9832138 ], [ 29.2657493, 40.9829984 ], [ 29.2659474, 40.9828202 ], [ 29.2661074, 40.982701 ], [ 29.2661771, 40.982656 ], [ 29.2663876, 40.9825308 ], [ 29.2665165, 40.9824614 ], [ 29.2666738, 40.9823907 ], [ 29.2670181, 40.9822521 ], [ 29.2669473, 40.9821822 ], [ 29.266717, 40.9818933 ], [ 29.266602, 40.981741 ], [ 29.266324, 40.9813445 ], [ 29.2660426, 40.9809329 ], [ 29.2658993, 40.9807018 ], [ 29.2658268, 40.9805677 ], [ 29.2657825, 40.9803786 ], [ 29.2657614, 40.9802401 ], [ 29.2657549, 40.9799227 ], [ 29.2657647, 40.9793756 ], [ 29.2657571, 40.9792517 ], [ 29.2657382, 40.9791 ], [ 29.2656953, 40.9788901 ], [ 29.2654232, 40.9778256 ], [ 29.2653586, 40.9776057 ], [ 29.2653019, 40.9774331 ], [ 29.2651125, 40.9769296 ], [ 29.2650394, 40.9766568 ] ] } },
{ "type": "Feature", "properties": { "element": "way", "id": 533799085, "name": null }, "geometry": { "type": "LineString", "coordinates": [ [ 29.2544406, 40.9878769 ], [ 29.2544969, 40.9879025 ], [ 29.2546547, 40.9879744 ], [ 29.2551322, 40.9884218 ], [ 29.2552073, 40.988473 ], [ 29.2552971, 40.9885078 ], [ 29.2564514, 40.9887751 ], [ 29.2570277, 40.9889177 ], [ 29.2572702, 40.9889836 ], [ 29.2575776, 40.9890474 ], [ 29.2583762, 40.9891964 ], [ 29.2599077, 40.9894721 ], [ 29.2603192, 40.9895299 ], [ 29.2605846, 40.9895725 ], [ 29.2609582, 40.989625 ], [ 29.2617714, 40.9897309 ], [ 29.2624938, 40.9897931 ], [ 29.2630964, 40.989819 ] ] } },
{ "type": "Feature", "properties": { "element": "way", "id": 533799086, "name": null }, "geometry": { "type": "LineString", "coordinates": [ [ 29.2650394, 40.9766568 ], [ 29.2650881, 40.9766586 ], [ 29.2652773, 40.9767876 ], [ 29.2660284, 40.9772118 ], [ 29.2662493, 40.9768758 ], [ 29.2662819, 40.9767926 ], [ 29.2663505, 40.9764917 ], [ 29.2665612, 40.9764681 ], [ 29.2670222, 40.9764599 ], [ 29.2674591, 40.9763194 ], [ 29.267697, 40.9762525 ], [ 29.2680494, 40.9761474 ], [ 29.2683744, 40.9760862 ], [ 29.2686038, 40.9760759 ], [ 29.2687547, 40.9760792 ], [ 29.2688147, 40.9760749 ], [ 29.2691309, 40.9761159 ], [ 29.2695701, 40.9761088 ], [ 29.2698587, 40.9760808 ], [ 29.2700282, 40.9760531 ], [ 29.2704051, 40.9760348 ], [ 29.2706391, 40.976034 ], [ 29.2708165, 40.9760425 ], [ 29.2711042, 40.9760709 ], [ 29.2713216, 40.9761095 ], [ 29.2715324, 40.9761109 ], [ 29.2718103, 40.9760753 ], [ 29.272261, 40.9759877 ], [ 29.2724862, 40.9759518 ], [ 29.2725862, 40.9759521 ], [ 29.2726898, 40.9759637 ], [ 29.2731107, 40.9760303 ], [ 29.2735805, 40.9761185 ], [ 29.2738342, 40.9761533 ], [ 29.2742322, 40.9761848 ], [ 29.2745205, 40.9762155 ], [ 29.2747625, 40.9762502 ], [ 29.2752065, 40.9763299 ], [ 29.2756795, 40.9764262 ], [ 29.2757859, 40.9764525 ], [ 29.2760265, 40.9765238 ], [ 29.2764516, 40.9766743 ], [ 29.2765461, 40.9767013 ], [ 29.2766388, 40.9767345 ], [ 29.2770663, 40.9768142 ], [ 29.2772297, 40.976839 ], [ 29.2775103, 40.9768887 ], [ 29.2776875, 40.9769124 ], [ 29.2778611, 40.9769281 ], [ 29.278223, 40.9769304 ], [ 29.2784974, 40.9769398 ], [ 29.2787216, 40.9769442 ], [ 29.2789649, 40.9769423 ], [ 29.2789877, 40.9769469 ], [ 29.2801569, 40.9767721 ], [ 29.2803856, 40.9767436 ], [ 29.280555, 40.9767309 ], [ 29.2808309, 40.976735 ], [ 29.2893285, 40.97703 ] ] } },
{ "type": "Feature", "properties": { "element": "way", "id": 533799088, "name": null }, "geometry": { "type": "LineString", "coordinates": [ [ 29.2623984, 40.9712266 ], [ 29.2624357, 40.9714075 ], [ 29.2624597, 40.9715236 ], [ 29.2625794, 40.9719618 ], [ 29.2626258, 40.9720766 ], [ 29.2626672, 40.9721612 ], [ 29.2627063, 40.972231 ], [ 29.2628603, 40.9724355 ], [ 29.2630666, 40.9726958 ], [ 29.2632549, 40.972922 ], [ 29.2634428, 40.9731762 ], [ 29.2635495, 40.9733616 ], [ 29.2637595, 40.9737686 ], [ 29.2637931, 40.9738451 ], [ 29.2638867, 40.9740064 ], [ 29.2639614, 40.9742016 ], [ 29.2641571, 40.9749418 ], [ 29.2642186, 40.975135 ], [ 29.2643328, 40.9753546 ], [ 29.2647672, 40.9760763 ], [ 29.2649659, 40.976426 ], [ 29.2650394, 40.9766568 ] ] } },
{ "type": "Feature", "properties": { "element": "way", "id": 533799089, "name": null }, "geometry": { "type": "LineString", "coordinates": [ [ 29.2504167, 40.9742366 ], [ 29.2511674, 40.9739378 ], [ 29.2526758, 40.9732761 ], [ 29.2530217, 40.9731287 ], [ 29.2533446, 40.9730025 ], [ 29.2540076, 40.9727588 ] ] } },
{ "type": "Feature", "properties": { "element": "way", "id": 533799090, "name": null }, "geometry": { "type": "LineString", "coordinates": [ [ 29.2623984, 40.9712266 ], [ 29.2621778, 40.9712589 ], [ 29.2613586, 40.9713563 ], [ 29.2601157, 40.9714937 ], [ 29.2593926, 40.9715661 ], [ 29.2589999, 40.9716001 ], [ 29.2577684, 40.9717722 ], [ 29.2572112, 40.9718771 ], [ 29.2556271, 40.9722475 ], [ 29.2544381, 40.9726033 ], [ 29.2540076, 40.9727588 ] ] } },
{ "type": "Feature", "properties": { "element": "way", "id": 533799091, "name": null }, "geometry": { "type": "LineString", "coordinates": [ [ 29.2540076, 40.9727588 ], [ 29.2541551, 40.9722632 ], [ 29.2541734, 40.9722028 ], [ 29.2545103, 40.9713453 ], [ 29.2547002, 40.9708983 ], [ 29.2548548, 40.9702921 ], [ 29.2549595, 40.9697799 ], [ 29.2551022, 40.9691591 ], [ 29.2552817, 40.9687873 ], [ 29.2541993, 40.9683874 ], [ 29.2536914, 40.9682832 ], [ 29.253556, 40.9678044 ], [ 29.2532872, 40.9667962 ], [ 29.2532479, 40.966684 ], [ 29.2532493, 40.9666465 ], [ 29.2531233, 40.9662843 ], [ 29.252706, 40.9652583 ], [ 29.2524393, 40.9646562 ], [ 29.2523616, 40.9645067 ], [ 29.2523065, 40.9643758 ], [ 29.2522412, 40.964248 ], [ 29.2521771, 40.9641388 ], [ 29.252326, 40.9639935 ], [ 29.2523825, 40.963953 ], [ 29.2524435, 40.9639021 ], [ 29.2526136, 40.9636955 ], [ 29.2524686, 40.9635944 ], [ 29.2519861, 40.9631923 ], [ 29.2522782, 40.962959 ], [ 29.2518373, 40.962542 ], [ 29.2517542, 40.9624493 ], [ 29.2516127, 40.9622735 ], [ 29.251411, 40.9619928 ], [ 29.2513674, 40.9619453 ], [ 29.2512938, 40.961887 ], [ 29.2511801, 40.9618093 ], [ 29.2510369, 40.961725 ], [ 29.2511662, 40.9616449 ], [ 29.2514533, 40.9614763 ], [ 29.2517843, 40.9612958 ], [ 29.2520539, 40.9610568 ], [ 29.2522503, 40.9608906 ], [ 29.2524198, 40.960538 ], [ 29.2525734, 40.9603406 ], [ 29.252539, 40.9602931 ], [ 29.252442, 40.9602294 ], [ 29.2522753, 40.960134 ], [ 29.25225, 40.9601453 ], [ 29.2521646, 40.9601828 ], [ 29.2520864, 40.9602737 ], [ 29.2520842, 40.9603826 ], [ 29.2519576, 40.9605278 ], [ 29.2518685, 40.9605711 ], [ 29.2515776, 40.9607703 ], [ 29.2514093, 40.9606371 ], [ 29.251254, 40.960496 ], [ 29.2489939, 40.9581675 ] ] } },
{ "type": "Feature", "properties": { "element": "way", "id": 533799093, "name": null }, "geometry": { "type": "LineString", "coordinates": [ [ 29.2905177, 40.972498 ], [ 29.2834987, 40.9712392 ], [ 29.2834964, 40.9712294 ], [ 29.2834887, 40.9711972 ], [ 29.2834756, 40.97117 ], [ 29.2834338, 40.9711081 ], [ 29.2833012, 40.9709656 ], [ 29.2832429, 40.9709088 ], [ 29.2831354, 40.9708405 ], [ 29.2830649, 40.9708014 ], [ 29.2829426, 40.9707481 ], [ 29.2828812, 40.9707287 ], [ 29.282788, 40.970715 ], [ 29.2825588, 40.9706959 ], [ 29.2822981, 40.970681 ], [ 29.2822041, 40.97067 ], [ 29.2819867, 40.9706121 ], [ 29.2817438, 40.9705375 ], [ 29.281406, 40.9704049 ], [ 29.2810634, 40.9702865 ], [ 29.2805667, 40.9700918 ], [ 29.2802344, 40.9699415 ], [ 29.2798308, 40.9697981 ], [ 29.2796397, 40.9697183 ], [ 29.2793242, 40.969567 ], [ 29.2791449, 40.9695078 ], [ 29.2788912, 40.9694303 ], [ 29.2786029, 40.9693618 ], [ 29.2785276, 40.9693391 ], [ 29.2783101, 40.9692576 ], [ 29.2777622, 40.9690854 ], [ 29.2776941, 40.969073 ], [ 29.2774168, 40.9689782 ], [ 29.277203, 40.9689134 ], [ 29.2770354, 40.9688541 ], [ 29.2767128, 40.9687498 ], [ 29.2762515, 40.9685752 ], [ 29.2758698, 40.9683863 ], [ 29.2756112, 40.968201 ], [ 29.2755637, 40.9681628 ], [ 29.2754533, 40.96807 ], [ 29.27536, 40.967975 ], [ 29.2752354, 40.9678178 ], [ 29.2748527, 40.9672173 ], [ 29.2748151, 40.9671724 ], [ 29.2749412, 40.9671434 ], [ 29.2751847, 40.9671089 ], [ 29.2751543, 40.967019 ], [ 29.27508, 40.9668801 ], [ 29.2748642, 40.9665827 ], [ 29.2748054, 40.9664796 ], [ 29.2746495, 40.9661621 ], [ 29.274426, 40.9661552 ], [ 29.2742211, 40.9661331 ], [ 29.274071, 40.966097 ], [ 29.2738264, 40.9660038 ], [ 29.2734868, 40.9658988 ] ] } },
{ "type": "Feature", "properties": { "element": "way", "id": 533799094, "name": null }, "geometry": { "type": "LineString", "coordinates": [ [ 29.2646151, 40.9707742 ], [ 29.2641116, 40.970895 ], [ 29.2635516, 40.971024 ], [ 29.2626808, 40.9711852 ], [ 29.2623984, 40.9712266 ] ] } },
{ "type": "Feature", "properties": { "element": "way", "id": 533799095, "name": null }, "geometry": { "type": "LineString", "coordinates": [ [ 29.2734868, 40.9658988 ], [ 29.2732314, 40.9661117 ], [ 29.2727814, 40.9665066 ], [ 29.2718134, 40.9673087 ], [ 29.2714208, 40.9676056 ], [ 29.2710342, 40.9678854 ], [ 29.270494, 40.9682541 ], [ 29.2700054, 40.9685589 ], [ 29.2690006, 40.969117 ], [ 29.2683935, 40.9694254 ], [ 29.2673616, 40.9698764 ], [ 29.2667836, 40.9700994 ], [ 29.2663191, 40.9702675 ], [ 29.265413, 40.9705611 ], [ 29.2646151, 40.9707742 ] ] } },
{ "type": "Feature", "properties": { "element": "way", "id": 533799096, "name": null }, "geometry": { "type": "LineString", "coordinates": [ [ 29.256823, 40.9490347 ], [ 29.2561505, 40.9533377 ], [ 29.2570228, 40.9550567 ], [ 29.2570485, 40.95508 ], [ 29.2571095, 40.9551532 ], [ 29.2572076, 40.9552512 ], [ 29.2573548, 40.955353 ], [ 29.2575024, 40.9554335 ], [ 29.2576498, 40.9554993 ], [ 29.2578057, 40.9555507 ], [ 29.2582682, 40.9556825 ], [ 29.2588257, 40.9558194 ], [ 29.2589934, 40.9558665 ], [ 29.2590723, 40.9559033 ], [ 29.2591651, 40.9559631 ], [ 29.2592974, 40.956033 ], [ 29.2594661, 40.9560979 ], [ 29.2599726, 40.9563286 ], [ 29.2604366, 40.9571472 ], [ 29.2605379, 40.9573922 ], [ 29.2605687, 40.9577367 ], [ 29.2606994, 40.9584249 ], [ 29.2607925, 40.9586847 ], [ 29.2608913, 40.9591309 ], [ 29.2612737, 40.9602352 ], [ 29.2614507, 40.9605767 ], [ 29.2615972, 40.9608593 ], [ 29.2616657, 40.9611389 ], [ 29.2618658, 40.9611273 ], [ 29.2619155, 40.9613903 ], [ 29.2619254, 40.9614765 ], [ 29.261934, 40.961651 ], [ 29.2619208, 40.9619741 ], [ 29.2619305, 40.9622035 ], [ 29.2619617, 40.9627021 ], [ 29.2620128, 40.9628704 ], [ 29.2620413, 40.962938 ], [ 29.2621192, 40.9630869 ], [ 29.2624213, 40.9634993 ], [ 29.2625121, 40.9636483 ], [ 29.2627868, 40.9642354 ], [ 29.2632365, 40.9651681 ], [ 29.2633963, 40.9655161 ], [ 29.2638019, 40.9664327 ], [ 29.2641561, 40.9671649 ], [ 29.2642309, 40.9673126 ], [ 29.2642579, 40.9673544 ], [ 29.2643617, 40.9676336 ], [ 29.2644377, 40.967931 ], [ 29.2641935, 40.9679881 ], [ 29.2642934, 40.9685063 ], [ 29.2642727, 40.9687301 ], [ 29.2643469, 40.9697868 ], [ 29.2644382, 40.9702186 ], [ 29.2646151, 40.9707742 ] ] } },
{ "type": "Feature", "properties": { "element": "way", "id": 533799097, "name": null }, "geometry": { "type": "LineString", "coordinates": [ [ 29.2734868, 40.9658988 ], [ 29.2738578, 40.9655895 ], [ 29.2744268, 40.9651484 ], [ 29.2748494, 40.9648235 ], [ 29.2756954, 40.9641984 ] ] } },
{ "type": "Feature", "properties": { "element": "way", "id": 533799098, "name": null }, "geometry": { "type": "LineString", "coordinates": [ [ 29.2756954, 40.9641984 ], [ 29.2758884, 40.9640701 ], [ 29.2767751, 40.9634824 ], [ 29.2772012, 40.9632157 ], [ 29.2777464, 40.9628855 ], [ 29.2787372, 40.9623247 ], [ 29.2791881, 40.962082 ], [ 29.2796762, 40.9618199 ], [ 29.280527, 40.9614018 ], [ 29.2813775, 40.9610094 ], [ 29.2817176, 40.9608575 ], [ 29.2824545, 40.9605372 ] ] } },
{ "type": "Feature", "properties": { "element": "way", "id": 533799099, "name": null }, "geometry": { "type": "LineString", "coordinates": [ [ 29.2756954, 40.9641984 ], [ 29.2755183, 40.9639868 ], [ 29.2753281, 40.9637729 ], [ 29.275125, 40.9634235 ], [ 29.2750713, 40.963321 ], [ 29.2750601, 40.9632534 ], [ 29.2750303, 40.9631759 ], [ 29.2750329, 40.9630642 ], [ 29.2750657, 40.9630149 ], [ 29.2751417, 40.9629266 ], [ 29.2751536, 40.9628756 ], [ 29.2751466, 40.9628244 ], [ 29.2751191, 40.9627495 ], [ 29.2750313, 40.9626049 ], [ 29.2743891, 40.9614593 ], [ 29.2742625, 40.9614825 ], [ 29.2741332, 40.9614963 ], [ 29.2740601, 40.9614828 ], [ 29.2739071, 40.961299 ], [ 29.2733201, 40.9606409 ], [ 29.2732272, 40.9605534 ], [ 29.2730794, 40.9603513 ], [ 29.2727571, 40.9598739 ], [ 29.2727278, 40.959817 ], [ 29.272732, 40.9597195 ], [ 29.272707, 40.9596578 ], [ 29.2725308, 40.9593301 ], [ 29.2724728, 40.9592429 ], [ 29.2723802, 40.9592005 ], [ 29.2720813, 40.9587175 ], [ 29.2720589, 40.9586346 ], [ 29.272068, 40.9585505 ], [ 29.2722348, 40.9581918 ], [ 29.2721991, 40.9578764 ], [ 29.2721814, 40.9577611 ], [ 29.2720957, 40.9573803 ], [ 29.2719971, 40.9568028 ], [ 29.2719395, 40.9565118 ], [ 29.2718913, 40.9563254 ], [ 29.271827, 40.9562151 ], [ 29.2715666, 40.9561205 ], [ 29.2713423, 40.9560218 ], [ 29.2713521, 40.9559713 ], [ 29.2713567, 40.9558259 ], [ 29.2713453, 40.9557488 ], [ 29.2712701, 40.9554956 ], [ 29.2710644, 40.9551724 ], [ 29.2709766, 40.9550451 ], [ 29.2708198, 40.9548466 ], [ 29.2705531, 40.9545673 ], [ 29.2703309, 40.954363 ], [ 29.2700782, 40.9541028 ], [ 29.2698213, 40.9538651 ], [ 29.2696477, 40.9536967 ], [ 29.2693879, 40.953457 ], [ 29.2692771, 40.9533476 ], [ 29.2691394, 40.9531912 ], [ 29.2690716, 40.9531029 ], [ 29.2690274, 40.9530217 ], [ 29.2690175, 40.9529898 ], [ 29.2686394, 40.9530051 ], [ 29.2685218, 40.9529956 ], [ 29.2684447, 40.9528513 ], [ 29.2683661, 40.9526753 ], [ 29.2682847, 40.9525271 ], [ 29.2681866, 40.9523694 ], [ 29.2681143, 40.9523527 ], [ 29.2680319, 40.9523396 ], [ 29.2678889, 40.9521346 ], [ 29.2678484, 40.9520489 ], [ 29.2675052, 40.9516811 ], [ 29.2672166, 40.9513957 ], [ 29.2671787, 40.9514073 ], [ 29.2668366, 40.9515115 ], [ 29.2663123, 40.9516542 ], [ 29.2664342, 40.9513508 ], [ 29.2664179, 40.9512817 ], [ 29.2661112, 40.9513285 ], [ 29.2660115, 40.9512693 ], [ 29.2661994, 40.9507773 ], [ 29.2659419, 40.9507069 ], [ 29.2657061, 40.950665 ], [ 29.2651226, 40.9505874 ], [ 29.2647578, 40.9504416 ], [ 29.2637278, 40.9494044 ], [ 29.256823, 40.9490347 ] ] } },
{ "type": "Feature", "properties": { "element": "way", "id": 533799100, "name": null }, "geometry": { "type": "LineString", "coordinates": [ [ 29.2978847, 40.9662207 ], [ 29.2974182, 40.9662298 ], [ 29.2922423, 40.9624998 ], [ 29.2918618, 40.9621193 ], [ 29.2918191, 40.9620766 ], [ 29.2918041, 40.9620616 ], [ 29.2917439, 40.9620014 ], [ 29.2916118, 40.9618717 ], [ 29.2910306, 40.961328 ], [ 29.2909891, 40.9612872 ], [ 29.2908764, 40.9611764 ], [ 29.2909412, 40.9610137 ], [ 29.2905552, 40.9605104 ], [ 29.290322, 40.9602446 ], [ 29.2896915, 40.9594196 ], [ 29.2896415, 40.9593895 ], [ 29.2895872, 40.9593477 ], [ 29.2893386, 40.9590582 ], [ 29.2890554, 40.9587463 ], [ 29.2888624, 40.9585464 ], [ 29.2885173, 40.9581345 ] ] } },
{ "type": "Feature", "properties": { "element": "way", "id": 533799101, "name": null }, "geometry": { "type": "LineString", "coordinates": [ [ 29.2885173, 40.9581345 ], [ 29.2880292, 40.9583564 ], [ 29.2870147, 40.9587949 ], [ 29.2861977, 40.9591325 ], [ 29.2853661, 40.9594433 ], [ 29.2845272, 40.9597551 ], [ 29.2834766, 40.96014 ], [ 29.2824545, 40.9605372 ] ] } },
{ "type": "Feature", "properties": { "element": "way", "id": 533799102, "name": null }, "geometry": { "type": "LineString", "coordinates": [ [ 29.2824545, 40.9605372 ], [ 29.2822558, 40.9602054 ], [ 29.2821424, 40.9600155 ], [ 29.2820171, 40.9597852 ], [ 29.2819238, 40.9595971 ], [ 29.281816, 40.959349 ], [ 29.2817135, 40.9590817 ], [ 29.2815955, 40.9587985 ], [ 29.2815596, 40.9587006 ], [ 29.2815228, 40.958652 ], [ 29.2814813, 40.958561 ], [ 29.2814279, 40.958464 ], [ 29.2812254, 40.9581716 ], [ 29.2811457, 40.9580084 ], [ 29.2809374, 40.9576893 ], [ 29.2806382, 40.9567985 ], [ 29.2797946, 40.9554632 ], [ 29.2793753, 40.9550269 ] ] } },
{ "type": "Feature", "properties": { "element": "way", "id": 533799104, "name": null }, "geometry": { "type": "LineString", "coordinates": [ [ 29.2885173, 40.9581345 ], [ 29.2889763, 40.957908 ], [ 29.2893844, 40.9577147 ], [ 29.2900881, 40.9573299 ], [ 29.2908201, 40.9569239 ], [ 29.2920006, 40.9562553 ], [ 29.2933119, 40.9554894 ], [ 29.2941515, 40.9550498 ], [ 29.295144, 40.9545469 ], [ 29.2956714, 40.9542892 ], [ 29.2968448, 40.9537575 ], [ 29.2974124, 40.9535258 ] ] } },
{ "type": "Feature", "properties": { "element": "way", "id": 533799106, "name": null }, "geometry": { "type": "LineString", "coordinates": [ [ 29.2793753, 40.9550269 ], [ 29.2800534, 40.9546779 ], [ 29.2799391, 40.9543637 ], [ 29.2798712, 40.9541359 ], [ 29.2798408, 40.9539732 ], [ 29.2798333, 40.9538086 ], [ 29.2798601, 40.9536627 ], [ 29.2799547, 40.9534347 ], [ 29.2801246, 40.9532135 ], [ 29.280356, 40.9529296 ], [ 29.2803997, 40.9528368 ], [ 29.280659, 40.9525242 ], [ 29.2810182, 40.9522186 ], [ 29.2811531, 40.9521134 ], [ 29.2813518, 40.9519718 ], [ 29.2816109, 40.951756 ], [ 29.2818803, 40.9515858 ], [ 29.2822401, 40.9514049 ], [ 29.282434, 40.9513288 ], [ 29.282239, 40.951159 ], [ 29.2820584, 40.9509876 ], [ 29.2820364, 40.9509492 ], [ 29.282041, 40.9507982 ], [ 29.2821215, 40.9505564 ], [ 29.2822095, 40.950379 ], [ 29.2824929, 40.9499551 ], [ 29.2828577, 40.9494975 ], [ 29.2830078, 40.9492496 ], [ 29.2830903, 40.9491086 ], [ 29.2832241, 40.9488043 ], [ 29.2835331, 40.9481592 ], [ 29.2835697, 40.9480977 ] ] } },
{ "type": "Feature", "properties": { "element": "way", "id": 533799107, "name": null }, "geometry": { "type": "LineString", "coordinates": [ [ 29.2793753, 40.9550269 ], [ 29.2786988, 40.9542587 ], [ 29.2775411, 40.9531632 ], [ 29.2766918, 40.9523518 ], [ 29.2754715, 40.9514402 ], [ 29.2747265, 40.9508195 ], [ 29.2737647, 40.9500267 ], [ 29.2733942, 40.9500452 ], [ 29.2731531, 40.9499785 ], [ 29.2725501, 40.9499248 ], [ 29.2713411, 40.9493356 ], [ 29.2703265, 40.9490643 ], [ 29.2692344, 40.9489366 ], [ 29.2679449, 40.9486162 ], [ 29.2676162, 40.9484998 ], [ 29.2675598, 40.9484866 ], [ 29.2670967, 40.9484375 ], [ 29.2666911, 40.9484013 ], [ 29.2664864, 40.9483888 ], [ 29.2665278, 40.9482645 ], [ 29.2665759, 40.9481973 ], [ 29.2665881, 40.9481667 ], [ 29.2603804, 40.9459198 ], [ 29.2498894, 40.9465262 ] ] } },
{ "type": "Feature", "properties": { "element": "way", "id": 533799108, "name": null }, "geometry": { "type": "LineString", "coordinates": [ [ 29.2908793, 40.9472818 ], [ 29.2908483, 40.9473062 ], [ 29.2908053, 40.94734 ], [ 29.2901781, 40.9475499 ], [ 29.2902741, 40.9476511 ], [ 29.2903671, 40.9477664 ], [ 29.2907619, 40.9481188 ], [ 29.2911823, 40.948471 ], [ 29.2916384, 40.9488875 ], [ 29.2918154, 40.9490575 ], [ 29.2920943, 40.9493051 ], [ 29.2921561, 40.9493803 ], [ 29.292178, 40.9494012 ], [ 29.2922775, 40.9494957 ], [ 29.292478, 40.9496415 ], [ 29.2926194, 40.9497616 ], [ 29.2927949, 40.9499273 ], [ 29.2928857, 40.9500241 ], [ 29.2931031, 40.9502757 ], [ 29.2933773, 40.9502079 ], [ 29.2937956, 40.9505864 ], [ 29.2939096, 40.9506832 ], [ 29.2940588, 40.9507869 ], [ 29.2943448, 40.9510016 ], [ 29.2944118, 40.951095 ], [ 29.2950718, 40.9513816 ], [ 29.2956252, 40.9516403 ], [ 29.2958815, 40.9517714 ], [ 29.2963666, 40.9520703 ], [ 29.2966675, 40.9521999 ], [ 29.2967948, 40.9522073 ], [ 29.2969708, 40.9521943 ], [ 29.2971925, 40.9521663 ], [ 29.2972925, 40.952985 ], [ 29.2974124, 40.9535258 ] ] } },
{ "type": "Feature", "properties": { "element": "way", "id": 533799109, "name": null }, "geometry": { "type": "LineString", "coordinates": [ [ 29.2974124, 40.9535258 ], [ 29.2982994, 40.9531598 ], [ 29.3001723, 40.9524796 ], [ 29.3011495, 40.9521401 ], [ 29.3017913, 40.9518988 ], [ 29.302783, 40.9515266 ], [ 29.3033525, 40.9512992 ], [ 29.3038888, 40.9510763 ], [ 29.3043606, 40.9508694 ], [ 29.3045741, 40.9507733 ], [ 29.3051616, 40.9504953 ], [ 29.305834, 40.9501639 ], [ 29.3064637, 40.9498383 ], [ 29.3067608, 40.949671 ], [ 29.3068612, 40.9496186 ], [ 29.3074401, 40.9492885 ], [ 29.3087049, 40.9485079 ] ] } },
{ "type": "Feature", "properties": { "element": "way", "id": 533799112, "name": null }, "geometry": { "type": "LineString", "coordinates": [ [ 29.2908793, 40.9472818 ], [ 29.2907543, 40.9472652 ], [ 29.2901731, 40.9472463 ], [ 29.2899558, 40.9472658 ], [ 29.2896009, 40.94728 ], [ 29.289299, 40.9473364 ], [ 29.2889035, 40.947424 ], [ 29.288533, 40.9474841 ], [ 29.2883581, 40.9474963 ], [ 29.2878072, 40.9475102 ], [ 29.2868853, 40.94757 ], [ 29.2855823, 40.9476862 ], [ 29.2850548, 40.9476886 ], [ 29.284772, 40.9477012 ], [ 29.2846228, 40.9477197 ], [ 29.2845022, 40.9477524 ], [ 29.283809, 40.9480145 ], [ 29.2835697, 40.9480977 ] ] } },
{ "type": "Feature", "properties": { "element": "way", "id": 533799113, "name": null }, "geometry": { "type": "LineString", "coordinates": [ [ 29.2835697, 40.9480977 ], [ 29.2837869, 40.9475859 ], [ 29.2838475, 40.9474941 ], [ 29.2839527, 40.9472445 ], [ 29.2839925, 40.9470189 ], [ 29.2840548, 40.946118 ], [ 29.2841589, 40.9457125 ], [ 29.2842085, 40.9454579 ] ] } },
{ "type": "Feature", "properties": { "element": "way", "id": 533799114, "name": null }, "geometry": { "type": "LineString", "coordinates": [ [ 29.2956735, 40.9382302 ], [ 29.2954998, 40.9384503 ], [ 29.2950319, 40.9394161 ], [ 29.2949819, 40.9395441 ], [ 29.2947358, 40.9400781 ], [ 29.2947556, 40.9402574 ], [ 29.2948649, 40.9409177 ], [ 29.2949199, 40.9413376 ], [ 29.2949238, 40.9414169 ], [ 29.2949097, 40.9414854 ], [ 29.2948672, 40.9415495 ], [ 29.2948201, 40.9416015 ], [ 29.2947988, 40.9416563 ], [ 29.2947837, 40.9419449 ], [ 29.2947975, 40.9421325 ], [ 29.2948241, 40.9423115 ], [ 29.2948684, 40.9424201 ], [ 29.2949869, 40.942594 ], [ 29.2951552, 40.9428262 ], [ 29.2953772, 40.9430457 ], [ 29.2956132, 40.9431899 ], [ 29.2958835, 40.9433156 ], [ 29.2960384, 40.94338 ], [ 29.2960547, 40.9434071 ], [ 29.2960811, 40.9434277 ], [ 29.2961273, 40.9434523 ], [ 29.2963258, 40.9436116 ], [ 29.296474, 40.9437488 ], [ 29.2965857, 40.9438647 ], [ 29.2967305, 40.9440673 ], [ 29.2967912, 40.9441613 ], [ 29.2968307, 40.9442501 ], [ 29.2964357, 40.9444383 ], [ 29.2962789, 40.9444997 ], [ 29.295962, 40.9446282 ], [ 29.2958278, 40.9446789 ], [ 29.2956703, 40.9447977 ], [ 29.2954916, 40.9449483 ], [ 29.2953328, 40.9450931 ], [ 29.2951541, 40.9452385 ], [ 29.2947806, 40.9454895 ], [ 29.2944204, 40.9456879 ], [ 29.2937336, 40.946079 ], [ 29.291769, 40.9469709 ], [ 29.2915964, 40.9470847 ], [ 29.291328, 40.9471986 ], [ 29.2910599, 40.9472637 ], [ 29.2908793, 40.9472818 ] ] } },
{ "type": "Feature", "properties": { "element": "way", "id": 533799115, "name": null }, "geometry": { "type": "LineString", "coordinates": [ [ 29.2842085, 40.9454579 ], [ 29.284327, 40.9452533 ], [ 29.2844378, 40.9450234 ], [ 29.2844084, 40.9449071 ], [ 29.2843151, 40.9448508 ], [ 29.284255, 40.9447389 ], [ 29.2842053, 40.9445698 ], [ 29.2842372, 40.9439094 ], [ 29.2842532, 40.9438318 ], [ 29.284347, 40.9435835 ], [ 29.2844357, 40.9434445 ], [ 29.2845019, 40.9432926 ], [ 29.2847717, 40.9428203 ], [ 29.2848735, 40.9426058 ], [ 29.2850236, 40.94219 ], [ 29.2851099, 40.9417961 ], [ 29.2851278, 40.9416706 ], [ 29.2851373, 40.9413566 ], [ 29.2850717, 40.9409397 ], [ 29.2848642, 40.9403016 ], [ 29.284759, 40.9400349 ], [ 29.28467, 40.9398503 ], [ 29.2844613, 40.9394864 ], [ 29.2840865, 40.9389562 ], [ 29.2840222, 40.9388883 ], [ 29.2839671, 40.938797 ], [ 29.2838159, 40.9384943 ], [ 29.2836835, 40.938104 ], [ 29.2836021, 40.938031 ], [ 29.2835552, 40.9380062 ], [ 29.2835138, 40.9379733 ], [ 29.2835031, 40.9379516 ], [ 29.283527, 40.9378439 ], [ 29.2836231, 40.9375554 ], [ 29.2839151, 40.9366951 ], [ 29.2840504, 40.9363274 ], [ 29.2840915, 40.9362379 ], [ 29.2843902, 40.9355499 ] ] } },
{ "type": "Feature", "properties": { "element": "way", "id": 533799116, "name": null }, "geometry": { "type": "LineString", "coordinates": [ [ 29.250623, 40.9421012 ], [ 29.2689654, 40.9433777 ], [ 29.2699145, 40.943553 ], [ 29.2705041, 40.9436743 ], [ 29.270583, 40.9437062 ], [ 29.270803, 40.9437089 ], [ 29.2710652, 40.9437207 ], [ 29.27123, 40.9437148 ], [ 29.2719128, 40.9437123 ], [ 29.2726667, 40.9438222 ], [ 29.2732421, 40.9439573 ], [ 29.2733571, 40.9439669 ], [ 29.2737989, 40.9440752 ], [ 29.2742039, 40.9441049 ], [ 29.2742931, 40.9440738 ], [ 29.27441, 40.9440448 ], [ 29.2746125, 40.9440164 ], [ 29.2748393, 40.9440045 ], [ 29.2753251, 40.944008 ], [ 29.2759787, 40.9440261 ], [ 29.2764434, 40.9439432 ], [ 29.2768368, 40.9438285 ], [ 29.2774157, 40.9438504 ], [ 29.2781234, 40.943918 ], [ 29.2783142, 40.9439425 ], [ 29.2787857, 40.9440422 ], [ 29.2793912, 40.9441592 ], [ 29.2797851, 40.9442294 ], [ 29.2801389, 40.9442668 ], [ 29.2805482, 40.9443308 ], [ 29.2807801, 40.9443881 ], [ 29.281088, 40.9444814 ], [ 29.2812008, 40.9445107 ], [ 29.2814929, 40.9445952 ], [ 29.2815946, 40.944676 ], [ 29.2822371, 40.94488 ], [ 29.2826434, 40.9449796 ], [ 29.2832062, 40.9451019 ], [ 29.2835743, 40.9452226 ], [ 29.2842085, 40.9454579 ] ] } },
{ "type": "Feature", "properties": { "element": "way", "id": 533799117, "name": null }, "geometry": { "type": "LineString", "coordinates": [ [ 29.2630964, 40.989819 ], [ 29.2633292, 40.9900049 ], [ 29.2638205, 40.9902355 ], [ 29.2641022, 40.9903005 ], [ 29.2646493, 40.9901334 ], [ 29.2656312, 40.9898725 ], [ 29.2662079, 40.9897868 ], [ 29.2666688, 40.989731 ], [ 29.2670846, 40.989686 ], [ 29.2676611, 40.9895542 ], [ 29.2681294, 40.9892303 ], [ 29.2682968, 40.9891217 ], [ 29.2684169, 40.9890349 ], [ 29.2689738, 40.9887366 ], [ 29.2692044, 40.9886881 ], [ 29.2695454, 40.9886078 ], [ 29.2709309, 40.988421 ], [ 29.2714401, 40.9883905 ], [ 29.2718797, 40.9883819 ], [ 29.272434, 40.9883764 ], [ 29.2730219, 40.9883477 ], [ 29.2735638, 40.9883269 ], [ 29.2738822, 40.9883092 ], [ 29.2741041, 40.9882969 ], [ 29.2745639, 40.988309 ], [ 29.2748409, 40.9884539 ], [ 29.2750015, 40.9884925 ], [ 29.2752178, 40.9885033 ], [ 29.2760921, 40.9885343 ], [ 29.2761803, 40.9885621 ], [ 29.2761388, 40.9887943 ], [ 29.2760166, 40.9895619 ], [ 29.2759227, 40.9899804 ], [ 29.2758268, 40.9901605 ], [ 29.2757048, 40.9904732 ], [ 29.2756725, 40.9905805 ], [ 29.2756624, 40.9906164 ], [ 29.2755373, 40.9910602 ], [ 29.2754527, 40.9914148 ], [ 29.2754023, 40.9916255 ], [ 29.2753821, 40.9917867 ], [ 29.2753309, 40.9920567 ], [ 29.2753064, 40.9921612 ], [ 29.2751861, 40.9924759 ], [ 29.2750003, 40.9928586 ], [ 29.2749291, 40.992986 ], [ 29.274623, 40.9937604 ], [ 29.2745693, 40.9940416 ], [ 29.2745686, 40.9941155 ], [ 29.2746768, 40.9946652 ], [ 29.2747074, 40.9949405 ], [ 29.2746576, 40.9951887 ], [ 29.2745898, 40.9953797 ], [ 29.2744301, 40.9957322 ], [ 29.2746411, 40.9958466 ], [ 29.274829, 40.9959782 ], [ 29.275236, 40.9963015 ], [ 29.27575, 40.9966868 ], [ 29.2760123, 40.9968505 ], [ 29.2761096, 40.9969063 ], [ 29.2766594, 40.9969959 ], [ 29.2769084, 40.9970453 ], [ 29.2777482, 40.9971262 ], [ 29.2786833, 40.9972218 ], [ 29.278864, 40.9972327 ], [ 29.2791996, 40.9971956 ], [ 29.2795255, 40.9972072 ], [ 29.2799321, 40.9972815 ], [ 29.280241, 40.9973616 ], [ 29.2805484, 40.9974608 ], [ 29.2811167, 40.9976641 ], [ 29.2818519, 40.9977727 ], [ 29.2828631, 40.9978946 ], [ 29.283853, 40.9980515 ], [ 29.283927, 40.9980577 ], [ 29.2840388, 40.9980518 ], [ 29.284236, 40.9980029 ], [ 29.2852509, 40.997695 ], [ 29.2858678, 40.9974985 ], [ 29.2861858, 40.9974356 ], [ 29.2868096, 40.9973376 ], [ 29.2876436, 40.9973136 ] ] } },
{ "type": "Feature", "properties": { "element": "way", "id": 667714567, "name": "Kartal - Pendik İlçe Sınırı" }, "geometry": { "type": "LineString", "coordinates": [ [ 29.2505936, 40.9252856 ], [ 29.2508694, 40.9259703 ], [ 29.2529156, 40.9289999 ], [ 29.2551524, 40.9306471 ], [ 29.2551653, 40.9320913 ] ] } },
{ "type": "Feature", "properties": { "element": "way", "id": 673803236, "name": null }, "geometry": { "type": "LineString", "coordinates": [ [ 29.2576706, 40.9321385 ], [ 29.265055, 40.9240818 ], [ 29.2660922, 40.9233935 ], [ 29.2662797, 40.9232582 ], [ 29.2688369, 40.9216006 ] ] } },
{ "type": "Feature", "properties": { "element": "way", "id": 673803238, "name": null }, "geometry": { "type": "LineString", "coordinates": [ [ 29.2912747, 40.9217159 ], [ 29.2912586, 40.9218658 ], [ 29.2913337, 40.9223117 ], [ 29.2914732, 40.9228468 ], [ 29.2915, 40.9230373 ], [ 29.2914303, 40.9231629 ], [ 29.2911352, 40.9233818 ], [ 29.2906792, 40.9237709 ], [ 29.2884798, 40.9256192 ], [ 29.2880024, 40.9260326 ], [ 29.2876859, 40.9263447 ], [ 29.2875196, 40.9265635 ], [ 29.2874391, 40.9267662 ], [ 29.2874016, 40.9269283 ], [ 29.2871387, 40.9277389 ], [ 29.2868651, 40.9286427 ], [ 29.286554, 40.9296924 ], [ 29.2864896, 40.9298991 ], [ 29.2862214, 40.9306732 ], [ 29.286157, 40.9308029 ], [ 29.2860229, 40.930961 ], [ 29.2857601, 40.9311677 ], [ 29.2849393, 40.9317715 ], [ 29.2845477, 40.932116 ], [ 29.2843707, 40.9323065 ], [ 29.2843278, 40.9324443 ], [ 29.2843224, 40.9326307 ], [ 29.2844136, 40.9327969 ], [ 29.2844726, 40.9329874 ], [ 29.2844404, 40.9332062 ], [ 29.2844243, 40.9334088 ], [ 29.2843761, 40.9336439 ], [ 29.2843331, 40.9337331 ], [ 29.2842956, 40.9338952 ], [ 29.2841561, 40.9341991 ], [ 29.2838611, 40.9346854 ], [ 29.2835499, 40.935115 ], [ 29.2834378, 40.9352536 ] ] } },
{ "type": "Feature", "properties": { "element": "way", "id": 673803239, "name": "Pendik - Sultanbeyli İlçe Sınırı" }, "geometry": { "type": "LineString", "coordinates": [ [ 29.2834378, 40.9352536 ], [ 29.2829437, 40.9350999 ], [ 29.2817228, 40.9348322 ], [ 29.28027, 40.9346357 ], [ 29.2797553, 40.934283 ], [ 29.2793885, 40.9336674 ], [ 29.2791886, 40.9334121 ], [ 29.2790092, 40.9332313 ], [ 29.2786854, 40.9329866 ], [ 29.2781275, 40.9327282 ], [ 29.2779169, 40.9326307 ], [ 29.2770119, 40.9324632 ], [ 29.2749109, 40.9322072 ], [ 29.2746214, 40.9321375 ], [ 29.2745173, 40.9321028 ], [ 29.274377, 40.9320501 ], [ 29.2739926, 40.931894 ], [ 29.2735697, 40.9317408 ] ] } },
{ "type": "Feature", "properties": { "element": "way", "id": 679242315, "name": null }, "geometry": { "type": "LineString", "coordinates": [ [ 29.3308994, 40.933937 ], [ 29.3312361, 40.9345951 ], [ 29.3316159, 40.9353641 ], [ 29.3320087, 40.9363074 ], [ 29.3311611, 40.9367651 ], [ 29.3303524, 40.9372255 ], [ 29.3287351, 40.9381543 ], [ 29.3279778, 40.9385952 ], [ 29.327258, 40.9389875 ], [ 29.3260734, 40.9395936 ], [ 29.325312, 40.9399663 ], [ 29.323702, 40.9406419 ], [ 29.3229292, 40.9409531 ], [ 29.3220921, 40.9412561 ], [ 29.3197667, 40.9421405 ], [ 29.3190483, 40.9424249 ], [ 29.3170876, 40.9432676 ], [ 29.3164605, 40.9435692 ], [ 29.3158579, 40.943877 ], [ 29.3151768, 40.9442298 ], [ 29.3136665, 40.94512 ], [ 29.3116126, 40.9464893 ], [ 29.3101794, 40.9474997 ], [ 29.3087049, 40.9485079 ] ] } },
{ "type": "Feature", "properties": { "element": "way", "id": 679242328, "name": null }, "geometry": { "type": "LineString", "coordinates": [ [ 29.2895045, 40.9797618 ], [ 29.2904764, 40.9798349 ], [ 29.2948753, 40.9798694 ], [ 29.2965791, 40.981578 ], [ 29.2968443, 40.9818772 ], [ 29.2973711, 40.9824584 ], [ 29.2989012, 40.9839128 ], [ 29.3014627, 40.9841804 ], [ 29.3031766, 40.9842688 ], [ 29.3060967, 40.984777 ], [ 29.3091005, 40.9851408 ], [ 29.3112948, 40.9851151 ] ] } },
{ "type": "Feature", "properties": { "element": "way", "id": 679242346, "name": "Pendik - Sultanbeyli İlçe Sınırı" }, "geometry": { "type": "LineString", "coordinates": [ [ 29.2893285, 40.97703 ], [ 29.290008, 40.9767307 ], [ 29.2902062, 40.9760894 ], [ 29.2898665, 40.9756405 ], [ 29.2889887, 40.9757474 ], [ 29.2901496, 40.9740158 ], [ 29.2905177, 40.972498 ] ] } },
{ "type": "Feature", "properties": { "element": "way", "id": 683468875, "name": "Pendik - Sancaktepe İlçe Sınırı" }, "geometry": { "type": "LineString", "coordinates": [ [ 29.2933651, 41.0135714 ], [ 29.2941666, 41.0119157 ], [ 29.291974, 41.0105917 ], [ 29.2910594, 41.0083066 ], [ 29.290246, 41.0078193 ], [ 29.2886712, 41.0075226 ], [ 29.287747, 41.0063106 ], [ 29.2878045, 41.0059419 ], [ 29.286913, 41.0029994 ], [ 29.2867737, 41.0023896 ] ] } },
{ "type": "Feature", "properties": { "element": "way", "id": 692333514, "name": "Sancaktepe - Sultanbeyli İlçe Sınırı" }, "geometry": { "type": "LineString", "coordinates": [ [ 29.262111, 41.0047937 ], [ 29.2616995, 41.0044365 ], [ 29.2614143, 41.0042219 ], [ 29.2612818, 41.0041305 ], [ 29.2610215, 41.0040321 ] ] } },
{ "type": "Feature", "properties": { "element": "way", "id": 692336702, "name": "Sancaktepe - Sultanbeyli İlçe Sınırı" }, "geometry": { "type": "LineString", "coordinates": [ [ 29.2610215, 41.0040321 ], [ 29.2607603, 41.0037164 ], [ 29.2604025, 41.0035291 ] ] } },
{ "type": "Feature", "properties": { "element": "way", "id": 726109431, "name": null }, "geometry": { "type": "LineString", "coordinates": [ [ 29.262111, 41.0047937 ], [ 29.2624577, 41.0051054 ], [ 29.2636916, 41.0061761 ], [ 29.2640966, 41.0065891 ], [ 29.2652446, 41.0080079 ], [ 29.2657394, 41.0086264 ], [ 29.2659958, 41.0089126 ], [ 29.2663296, 41.0091404 ], [ 29.266842, 41.0093595 ], [ 29.267503, 41.0095684 ], [ 29.2699814, 41.0104023 ], [ 29.2722022, 41.0113333 ], [ 29.2736942, 41.0120089 ], [ 29.2731297, 41.0128224 ], [ 29.2728943, 41.0138506 ] ] } },
{ "type": "Feature", "properties": { "element": "way", "id": 726109440, "name": null }, "geometry": { "type": "LineString", "coordinates": [ [ 29.2577022, 41.0015003 ], [ 29.2580134, 41.001974 ], [ 29.2583862, 41.0025812 ], [ 29.2585686, 41.0028525 ], [ 29.2587081, 41.0030549 ], [ 29.2589039, 41.0031824 ], [ 29.2591479, 41.0033221 ], [ 29.259384, 41.0033909 ], [ 29.2598252, 41.003487 ], [ 29.2604025, 41.0035291 ] ] } },
{ "type": "Feature", "properties": { "element": "way", "id": 726109445, "name": null }, "geometry": { "type": "LineString", "coordinates": [ [ 29.2388543, 40.9757995 ], [ 29.2408419, 40.9758481 ], [ 29.2419602, 40.9758502 ], [ 29.2436081, 40.9757833 ], [ 29.2444129, 40.9757179 ], [ 29.2451709, 40.9756173 ], [ 29.2467534, 40.9753743 ], [ 29.2476976, 40.9751475 ], [ 29.2487329, 40.9748275 ], [ 29.2495912, 40.9745481 ], [ 29.2504167, 40.9742366 ] ] } },
{ "type": "Feature", "properties": { "element": "way", "id": 726109453, "name": null }, "geometry": { "type": "LineString", "coordinates": [ [ 29.2555098, 41.005354 ], [ 29.256463, 41.0051135 ], [ 29.2577103, 41.0047633 ], [ 29.2583138, 41.0045629 ], [ 29.2594618, 41.0041479 ], [ 29.2598131, 41.004071 ], [ 29.260143, 41.0040477 ], [ 29.2610215, 41.0040321 ] ] } },
{ "type": "Feature", "properties": { "element": "way", "id": 1062007165, "name": "Kartal - Sancaktepe İlçe Sınırı" }, "geometry": { "type": "LineString", "coordinates": [ [ 29.2465976, 40.9512968 ], [ 29.2463584, 40.9512545 ], [ 29.245962, 40.9511476 ], [ 29.245509, 40.9509659 ], [ 29.245325, 40.9508162 ], [ 29.2450277, 40.9507627 ], [ 29.2443057, 40.9505916 ], [ 29.2434846, 40.9502174 ], [ 29.2428759, 40.9499929 ], [ 29.2425078, 40.9498646 ], [ 29.2420831, 40.9498325 ], [ 29.2418424, 40.9498539 ], [ 29.241531, 40.9498218 ], [ 29.2411487, 40.9498218 ], [ 29.2407099, 40.9497255 ], [ 29.2399029, 40.9497576 ], [ 29.2392376, 40.9498325 ], [ 29.2389969, 40.9499608 ], [ 29.2387704, 40.950057 ], [ 29.2385439, 40.9500463 ], [ 29.2383457, 40.9499715 ], [ 29.2381758, 40.949918 ], [ 29.2378927, 40.9499608 ], [ 29.2375954, 40.9499394 ], [ 29.2371848, 40.9498966 ], [ 29.2368734, 40.9498966 ], [ 29.2364911, 40.9498752 ], [ 29.2362222, 40.9498325 ], [ 29.235939, 40.9498646 ], [ 29.2356134, 40.9499073 ], [ 29.2354152, 40.9498859 ], [ 29.2352453, 40.9498325 ], [ 29.2349481, 40.9497042 ], [ 29.2347074, 40.9496507 ], [ 29.2346366, 40.9495759 ], [ 29.234495, 40.9495117 ], [ 29.2343393, 40.9494689 ], [ 29.2342119, 40.9494475 ], [ 29.2339571, 40.9494475 ], [ 29.2338438, 40.9493941 ], [ 29.2336456, 40.9492979 ], [ 29.2334899, 40.9492658 ], [ 29.2331926, 40.9492123 ], [ 29.2328812, 40.9492979 ], [ 29.2327113, 40.9493299 ], [ 29.2325839, 40.9492551 ], [ 29.2324706, 40.9491588 ], [ 29.2320742, 40.9491375 ], [ 29.2320034, 40.9492444 ], [ 29.2318194, 40.9494262 ], [ 29.2317203, 40.9495759 ], [ 29.2315929, 40.9496507 ], [ 29.2314655, 40.9497042 ], [ 29.2312673, 40.9497897 ], [ 29.2310691, 40.9498539 ], [ 29.2308426, 40.9498111 ], [ 29.2306869, 40.9497149 ], [ 29.2305595, 40.9496079 ], [ 29.2304604, 40.9494796 ], [ 29.2303188, 40.9494262 ], [ 29.2301206, 40.9493085 ], [ 29.2299405, 40.9492832 ], [ 29.2297436, 40.94932 ], [ 29.2295876, 40.9494207 ], [ 29.2293423, 40.9494274 ], [ 29.2287462, 40.949436 ], [ 29.2289305, 40.9500738 ], [ 29.2289581, 40.950332 ], [ 29.2289208, 40.9504888 ], [ 29.2287525, 40.9508839 ] ] } },
{ "type": "Feature", "properties": { "element": "way", "id": 1062007167, "name": "Kartal - Sultanbeyli İlçe Sınırı" }, "geometry": { "type": "LineString", "coordinates": [ [ 29.2481047, 40.9487259 ], [ 29.2478974, 40.9488775 ], [ 29.2466168, 40.9509398 ], [ 29.2466739, 40.9511027 ], [ 29.2465976, 40.9512968 ] ] } },
{ "type": "Feature", "properties": { "element": "way", "id": 1062007168, "name": "Kartal - Sultanbeyli İlçe Sınırı" }, "geometry": { "type": "LineString", "coordinates": [ [ 29.250623, 40.9421012 ], [ 29.2502596, 40.9425258 ], [ 29.2501916, 40.9427927 ], [ 29.2501615, 40.9430232 ], [ 29.2502921, 40.9434378 ], [ 29.2505755, 40.9444033 ], [ 29.2502256, 40.9446688 ], [ 29.24992, 40.9457693 ], [ 29.2498955, 40.9463688 ], [ 29.2498894, 40.9465262 ] ] } },
{ "type": "Feature", "properties": { "element": "way", "id": 1062007169, "name": "Pendik - Sultanbeyli İlçe Sınırı" }, "geometry": { "type": "LineString", "coordinates": [ [ 29.2576706, 40.9321385 ], [ 29.2568134, 40.9321766 ], [ 29.2565716, 40.9321587 ], [ 29.2560121, 40.9320725 ], [ 29.2551653, 40.9320913 ] ] } },
{ "type": "Feature", "properties": { "element": "way", "id": 1062007170, "name": "Pendik - Sultanbeyli İlçe Sınırı" }, "geometry": { "type": "LineString", "coordinates": [ [ 29.2905177, 40.972498 ], [ 29.2930944, 40.9702746 ], [ 29.2935757, 40.9688849 ], [ 29.2953312, 40.9679228 ], [ 29.2964192, 40.9675376 ], [ 29.2978847, 40.9662207 ] ] } },
{ "type": "Feature", "properties": { "element": "way", "id": 1062007171, "name": "Pendik - Sultanbeyli İlçe Sınırı" }, "geometry": { "type": "LineString", "coordinates": [ [ 29.2895045, 40.9797618 ], [ 29.2900364, 40.9791249 ], [ 29.2900364, 40.9784409 ], [ 29.2893851, 40.9780347 ], [ 29.2893285, 40.97703 ] ] } },
{ "type": "Feature", "properties": { "element": "way", "id": 1062007172, "name": "Kartal - Sultanbeyli İlçe Sınırı" }, "geometry": { "type": "LineString", "coordinates": [ [ 29.2498894, 40.9465262 ], [ 29.2496315, 40.9467177 ], [ 29.2493037, 40.9469952 ], [ 29.2488749, 40.947473 ], [ 29.2481047, 40.9487259 ] ] } },
{ "type": "Feature", "properties": { "element": "way", "id": 1062007173, "name": null }, "geometry": { "type": "LineString", "coordinates": [ [ 29.2481047, 40.9487259 ], [ 29.256823, 40.9490347 ] ] } }
]
}
